[
  {
    "id": "5b9ab4a8-a488-4073-8a0f-7aa7a1f97b8e",
    "data": [
      {
        "text": "claro que sí",
        "userDefined": false
      }
    ],
    "isTemplate": false,
    "count": 0,
    "updated": 1524686003
  },
  {
    "id": "2b1595d0-0298-41f3-beb1-ac330d947634",
    "data": [
      {
        "text": "sí",
        "userDefined": false
      }
    ],
    "isTemplate": false,
    "count": 0,
    "updated": 1524686003
  },
  {
    "id": "009bed7a-c3d1-4c13-a914-1126761c562a",
    "data": [
      {
        "text": "correcto",
        "userDefined": false
      }
    ],
    "isTemplate": false,
    "count": 0,
    "updated": 1524686003
  },
  {
    "id": "ffda2d50-9c67-4f84-8638-ca5ea1a3d3f5",
    "data": [
      {
        "text": "eso mismo",
        "userDefined": false
      }
    ],
    "isTemplate": false,
    "count": 0,
    "updated": 1524686003
  },
  {
    "id": "b275a57c-6d1a-4de6-acc7-55ebfdc0bb09",
    "data": [
      {
        "text": "de acuerdo",
        "userDefined": false
      }
    ],
    "isTemplate": false,
    "count": 0,
    "updated": 1524686003
  },
  {
    "id": "f8eac307-d663-4af2-b1ae-c9f5315f9b13",
    "data": [
      {
        "text": "adelante",
        "userDefined": false
      }
    ],
    "isTemplate": false,
    "count": 0,
    "updated": 1524686003
  },
  {
    "id": "f4fe5b5f-95bc-4f72-bbe1-798e54301314",
    "data": [
      {
        "text": "confirmar",
        "userDefined": false
      }
    ],
    "isTemplate": false,
    "count": 0,
    "updated": 1524686003
  },
  {
    "id": "8d51a7f9-23bb-4ac5-910e-3166929e397c",
    "data": [
      {
        "text": "por supuesto",
        "userDefined": false
      }
    ],
    "isTemplate": false,
    "count": 0,
    "updated": 1524686003
  },
  {
    "id": "8d30a807-309e-491e-9e3e-17c7e67debfd",
    "data": [
      {
        "text": "buena idea",
        "userDefined": false
      }
    ],
    "isTemplate": false,
    "count": 0,
    "updated": 1524686003
  }
]