[
  {
    "id": "4937233f-918f-48f1-9718-475fb31c9271",
    "data": [
      {
        "text": "change subject to ",
        "userDefined": false
      },
      {
        "text": "marketing",
        "alias": "subject",
        "meta": "@sys.any",
        "userDefined": true
      }
    ],
    "isTemplate": false,
    "count": 0,
    "updated": 1524687868
  },
  {
    "id": "69b30f11-6ff6-4435-a98a-6bd10e4a878c",
    "data": [
      {
        "text": "new subject qa ",
        "userDefined": false
      },
      {
        "text": "testing project",
        "alias": "subject",
        "meta": "@sys.any",
        "userDefined": true
      }
    ],
    "isTemplate": false,
    "count": 0,
    "updated": 1524687868
  },
  {
    "id": "eb94a8d7-24c2-43aa-96b3-03e9bf659fb6",
    "data": [
      {
        "text": "change subject to ",
        "userDefined": false
      },
      {
        "text": "new reunion",
        "alias": "subject",
        "meta": "@sys.any",
        "userDefined": true
      }
    ],
    "isTemplate": false,
    "count": 0,
    "updated": 1524687868
  },
  {
    "id": "30840dae-bb01-476c-9205-c3140a1c6a0f",
    "data": [
      {
        "text": "subject ",
        "userDefined": false
      },
      {
        "text": "new thing",
        "alias": "subject",
        "meta": "@sys.any",
        "userDefined": true
      }
    ],
    "isTemplate": false,
    "count": 0,
    "updated": 1524687868
  }
]