[
  {
    "id": "be43d1ab-c9b5-464f-a7d1-1a1b8c744978",
    "data": [
      {
        "text": "create event",
        "userDefined": false
      }
    ],
    "isTemplate": false,
    "count": 0,
    "updated": 1524693391
  },
  {
    "id": "38450a5d-ac1c-4bcf-af3f-5c11a6fe193c",
    "data": [
      {
        "text": "I\u0027m done",
        "userDefined": false
      }
    ],
    "isTemplate": false,
    "count": 0,
    "updated": 1524693391
  },
  {
    "id": "e23cba52-a394-456d-a14e-1c15227d9843",
    "data": [
      {
        "text": "finish",
        "userDefined": false
      }
    ],
    "isTemplate": false,
    "count": 0,
    "updated": 1524693391
  },
  {
    "id": "e138a7bf-e2d5-4d2c-872c-f286f84fe02d",
    "data": [
      {
        "text": "done",
        "userDefined": false
      }
    ],
    "isTemplate": false,
    "count": 0,
    "updated": 1524693391
  },
  {
    "id": "540402cb-b558-44a2-97b2-5938dd40ae6b",
    "data": [
      {
        "text": "ready",
        "userDefined": false
      }
    ],
    "isTemplate": false,
    "count": 0,
    "updated": 1524693391
  }
]