[
  {
    "id": "acfcb6b7-cf0d-4a8c-8abf-fe190963c135",
    "data": [
      {
        "text": "finish",
        "userDefined": false
      }
    ],
    "isTemplate": false,
    "count": 0,
    "updated": 1524517291
  },
  {
    "id": "f56e608c-8340-4d67-8b67-53ae8cc0cca0",
    "data": [
      {
        "text": "ready",
        "userDefined": false
      }
    ],
    "isTemplate": false,
    "count": 0,
    "updated": 1524517291
  },
  {
    "id": "c22fcd1b-f7a6-49fc-93c0-144e1cb3cadb",
    "data": [
      {
        "text": "it\u0027s ready",
        "userDefined": false
      }
    ],
    "isTemplate": false,
    "count": 0,
    "updated": 1524517291
  },
  {
    "id": "0fbc3de3-7ee2-490f-bf7b-8ef01c1ab47f",
    "data": [
      {
        "text": "it\u0027s done",
        "userDefined": false
      }
    ],
    "isTemplate": false,
    "count": 0,
    "updated": 1524517291
  },
  {
    "id": "038895c8-0418-4866-8951-31b39050f9fa",
    "data": [
      {
        "text": "there, I\u0027m done",
        "userDefined": false
      }
    ],
    "isTemplate": false,
    "count": 0,
    "updated": 1524517291
  },
  {
    "id": "611e784c-d412-4fbb-b2d3-b64e5cc9cc49",
    "data": [
      {
        "text": "create event",
        "userDefined": false
      }
    ],
    "isTemplate": false,
    "count": 0,
    "updated": 1524517291
  },
  {
    "id": "587ae2a2-18f0-4e84-bd0f-4ca6d5e47676",
    "data": [
      {
        "text": "done",
        "userDefined": false
      }
    ],
    "isTemplate": false,
    "count": 0,
    "updated": 1524517291
  },
  {
    "id": "3546343c-1c52-49c5-921e-1988deb00c57",
    "data": [
      {
        "text": "create the event",
        "userDefined": false
      }
    ],
    "isTemplate": false,
    "count": 0,
    "updated": 1524517291
  },
  {
    "id": "aff3099b-e68f-470b-be98-2738f1b53722",
    "data": [
      {
        "text": "that\u0027s it",
        "userDefined": false
      }
    ],
    "isTemplate": false,
    "count": 0,
    "updated": 1520444804
  }
]