[
  {
    "id": "46bd94c0-7152-431f-ac31-f51dec080123",
    "data": [
      {
        "text": "Rename ",
        "userDefined": false
      },
      {
        "text": "simple thing",
        "alias": "eventName",
        "meta": "@sys.any",
        "userDefined": true
      }
    ],
    "isTemplate": false,
    "count": 0,
    "updated": 1523298168
  },
  {
    "id": "46e84ea1-9b7e-4019-a236-9828a2f06cd3",
    "data": [
      {
        "text": "Rename to ",
        "userDefined": false
      },
      {
        "text": "simple thing",
        "alias": "eventName",
        "meta": "@sys.any",
        "userDefined": true
      }
    ],
    "isTemplate": false,
    "count": 0,
    "updated": 1522878998
  },
  {
    "id": "e9a7484e-6283-48bd-8f1f-e0a1eab40a6a",
    "data": [
      {
        "text": "Set new name ",
        "userDefined": false
      },
      {
        "text": "anyany",
        "alias": "eventName",
        "meta": "@sys.any",
        "userDefined": true
      }
    ],
    "isTemplate": false,
    "count": 0,
    "updated": 1522878998
  },
  {
    "id": "68f8ffa5-b643-4e99-9f3e-69873e112f2b",
    "data": [
      {
        "text": "Set name ",
        "userDefined": false
      },
      {
        "text": "simple move",
        "alias": "eventName",
        "meta": "@sys.any",
        "userDefined": true
      }
    ],
    "isTemplate": false,
    "count": 0,
    "updated": 1522878998
  },
  {
    "id": "ffb1c7de-0459-44e6-87c1-cbb516ab2392",
    "data": [
      {
        "text": "New name ",
        "userDefined": false
      },
      {
        "text": "simpleton",
        "alias": "eventName",
        "meta": "@sys.any",
        "userDefined": true
      }
    ],
    "isTemplate": false,
    "count": 0,
    "updated": 1522878998
  },
  {
    "id": "c1fc800a-94b5-42e2-860e-2daee17e69b6",
    "data": [
      {
        "text": "Name ",
        "userDefined": false
      },
      {
        "text": "thingy",
        "alias": "eventName",
        "meta": "@sys.any",
        "userDefined": true
      }
    ],
    "isTemplate": false,
    "count": 0,
    "updated": 1522878998
  },
  {
    "id": "bf874725-0483-4938-a4da-022f78f80421",
    "data": [
      {
        "text": "Rename it ",
        "userDefined": false
      },
      {
        "text": "simple thing",
        "alias": "eventName",
        "meta": "@sys.any",
        "userDefined": true
      }
    ],
    "isTemplate": false,
    "count": 0,
    "updated": 1522878998
  }
]