[
  {
    "id": "3e5733e6-91ac-4247-aa2f-b941f9ac9153",
    "data": [
      {
        "text": "can I see my event",
        "userDefined": false
      }
    ],
    "isTemplate": false,
    "count": 0,
    "updated": 1522786835
  },
  {
    "id": "6152efbe-c770-4d71-a638-f366411847aa",
    "data": [
      {
        "text": "how does my event look?",
        "userDefined": false
      }
    ],
    "isTemplate": false,
    "count": 0,
    "updated": 1522786835
  },
  {
    "id": "4da4cc54-2456-492c-a25e-c79a74280f9c",
    "data": [
      {
        "text": "show the event",
        "userDefined": false
      }
    ],
    "isTemplate": false,
    "count": 0,
    "updated": 1522786835
  },
  {
    "id": "f8468ab4-bf45-45d5-bbea-42abf4a30599",
    "data": [
      {
        "text": "show event info",
        "userDefined": false
      }
    ],
    "isTemplate": false,
    "count": 0,
    "updated": 1522786835
  },
  {
    "id": "d2cfc6c3-89f3-40b1-b1ff-dac02ac86053",
    "data": [
      {
        "text": "show info",
        "userDefined": false
      }
    ],
    "isTemplate": false,
    "count": 0,
    "updated": 1522786835
  }
]