[
  {
    "value": "Sanchez",
    "synonyms": [
      "Sanchez"
    ]
  },
  {
    "value": "Arias Rodriguez",
    "synonyms": [
      "Arias Rodriguez"
    ]
  },
  {
    "value": "Matarrita Cespedes",
    "synonyms": [
      "Matarrita Cespedes"
    ]
  },
  {
    "value": "Vargas Ramírez",
    "synonyms": [
      "Vargas Ramírez"
    ]
  },
  {
    "value": "da Hora Guimaraes Dos Santos",
    "synonyms": [
      "da Hora Guimaraes Dos Santos"
    ]
  },
  {
    "value": "Carvajal Hernandez",
    "synonyms": [
      "Carvajal Hernandez"
    ]
  },
  {
    "value": "Arias Aguero",
    "synonyms": [
      "Arias Aguero"
    ]
  },
  {
    "value": "Solís Barquero",
    "synonyms": [
      "Solís Barquero"
    ]
  },
  {
    "value": "Chaves Caravaca",
    "synonyms": [
      "Chaves Caravaca"
    ]
  },
  {
    "value": "Gonzalez",
    "synonyms": [
      "Gonzalez"
    ]
  },
  {
    "value": "Ramirez Yanez",
    "synonyms": [
      "Ramirez Yanez"
    ]
  },
  {
    "value": "Montero",
    "synonyms": [
      "Montero"
    ]
  },
  {
    "value": "Manrique Villa",
    "synonyms": [
      "Manrique Villa"
    ]
  },
  {
    "value": "Arce Chinchilla",
    "synonyms": [
      "Arce Chinchilla"
    ]
  },
  {
    "value": "Collantes Garcia",
    "synonyms": [
      "Collantes Garcia"
    ]
  },
  {
    "value": "Vargas",
    "synonyms": [
      "Vargas"
    ]
  },
  {
    "value": "Huertas",
    "synonyms": [
      "Huertas"
    ]
  },
  {
    "value": "Jenkins Méndez",
    "synonyms": [
      "Jenkins Méndez"
    ]
  },
  {
    "value": "Steinvorth Vallecillo",
    "synonyms": [
      "Steinvorth Vallecillo"
    ]
  },
  {
    "value": "Hernandez",
    "synonyms": [
      "Hernandez"
    ]
  },
  {
    "value": "Rojas",
    "synonyms": [
      "Rojas"
    ]
  },
  {
    "value": "Julca Mejia",
    "synonyms": [
      "Julca Mejia"
    ]
  },
  {
    "value": "Borja Mori",
    "synonyms": [
      "Borja Mori"
    ]
  },
  {
    "value": "Alva Sandoval",
    "synonyms": [
      "Alva Sandoval"
    ]
  },
  {
    "value": "Calero Flores",
    "synonyms": [
      "Calero Flores"
    ]
  },
  {
    "value": "Marin Araya",
    "synonyms": [
      "Marin Araya"
    ]
  },
  {
    "value": "Avila Gomez",
    "synonyms": [
      "Avila Gomez"
    ]
  },
  {
    "value": "Apu",
    "synonyms": [
      "Apu"
    ]
  },
  {
    "value": "Carrasco Yaranga",
    "synonyms": [
      "Carrasco Yaranga"
    ]
  },
  {
    "value": "Chevez",
    "synonyms": [
      "Chevez"
    ]
  },
  {
    "value": "Castillo Mendoza",
    "synonyms": [
      "Castillo Mendoza"
    ]
  },
  {
    "value": "Ordonez Condor",
    "synonyms": [
      "Ordonez Condor"
    ]
  },
  {
    "value": "Chavarria",
    "synonyms": [
      "Chavarria"
    ]
  },
  {
    "value": "Martínez",
    "synonyms": [
      "Martínez"
    ]
  },
  {
    "value": "Esquivel",
    "synonyms": [
      "Esquivel"
    ]
  },
  {
    "value": "Vargas",
    "synonyms": [
      "Vargas"
    ]
  },
  {
    "value": "Segura Serrano",
    "synonyms": [
      "Segura Serrano"
    ]
  },
  {
    "value": "Soto Quesada",
    "synonyms": [
      "Soto Quesada"
    ]
  },
  {
    "value": "Quesada",
    "synonyms": [
      "Quesada"
    ]
  },
  {
    "value": "Velasquez Ricaldez",
    "synonyms": [
      "Velasquez Ricaldez"
    ]
  },
  {
    "value": "Zuniga",
    "synonyms": [
      "Zuniga"
    ]
  },
  {
    "value": "Test Lim",
    "synonyms": [
      "Test Lim"
    ]
  },
  {
    "value": "Vasquez Barrantes",
    "synonyms": [
      "Vasquez Barrantes"
    ]
  },
  {
    "value": "Pacheco Sanchez",
    "synonyms": [
      "Pacheco Sanchez"
    ]
  },
  {
    "value": "Huallanca Zavaleta",
    "synonyms": [
      "Huallanca Zavaleta"
    ]
  },
  {
    "value": "Cerdas Quesada",
    "synonyms": [
      "Cerdas Quesada"
    ]
  },
  {
    "value": "Rueda",
    "synonyms": [
      "Rueda"
    ]
  },
  {
    "value": "Herrera",
    "synonyms": [
      "Herrera"
    ]
  },
  {
    "value": "Mejia Venegas",
    "synonyms": [
      "Mejia Venegas"
    ]
  },
  {
    "value": "Soto Vergara",
    "synonyms": [
      "Soto Vergara"
    ]
  },
  {
    "value": "Salazar Cubas",
    "synonyms": [
      "Salazar Cubas"
    ]
  },
  {
    "value": "Jimenez",
    "synonyms": [
      "Jimenez"
    ]
  },
  {
    "value": "Incer Brenes",
    "synonyms": [
      "Incer Brenes"
    ]
  },
  {
    "value": "Garcia Garcia",
    "synonyms": [
      "Garcia Garcia"
    ]
  },
  {
    "value": "Calvo Rodriguez",
    "synonyms": [
      "Calvo Rodriguez"
    ]
  },
  {
    "value": "Caisan Barrantes",
    "synonyms": [
      "Caisan Barrantes"
    ]
  },
  {
    "value": "Quispe Rojas",
    "synonyms": [
      "Quispe Rojas"
    ]
  },
  {
    "value": "Prator",
    "synonyms": [
      "Prator"
    ]
  },
  {
    "value": "Ortiz Winter",
    "synonyms": [
      "Ortiz Winter"
    ]
  },
  {
    "value": "Berrocal",
    "synonyms": [
      "Berrocal"
    ]
  },
  {
    "value": "DePablos",
    "synonyms": [
      "DePablos"
    ]
  },
  {
    "value": "Corrales",
    "synonyms": [
      "Corrales"
    ]
  },
  {
    "value": "Moya Tordoya",
    "synonyms": [
      "Moya Tordoya"
    ]
  },
  {
    "value": "Julca Luna",
    "synonyms": [
      "Julca Luna"
    ]
  },
  {
    "value": "Segares",
    "synonyms": [
      "Segares"
    ]
  },
  {
    "value": "Castillo",
    "synonyms": [
      "Castillo"
    ]
  },
  {
    "value": "Palomino Rivera",
    "synonyms": [
      "Palomino Rivera"
    ]
  },
  {
    "value": "Cortes",
    "synonyms": [
      "Cortes"
    ]
  },
  {
    "value": "Brenes",
    "synonyms": [
      "Brenes"
    ]
  },
  {
    "value": "Villalobos Palma",
    "synonyms": [
      "Villalobos Palma"
    ]
  },
  {
    "value": "Gonzalez",
    "synonyms": [
      "Gonzalez"
    ]
  },
  {
    "value": "Chavarría",
    "synonyms": [
      "Chavarría"
    ]
  },
  {
    "value": "Gomez",
    "synonyms": [
      "Gomez"
    ]
  },
  {
    "value": "Vargas",
    "synonyms": [
      "Vargas"
    ]
  },
  {
    "value": "Zamora",
    "synonyms": [
      "Zamora"
    ]
  },
  {
    "value": "Minauro Oliva",
    "synonyms": [
      "Minauro Oliva"
    ]
  },
  {
    "value": "Rojas",
    "synonyms": [
      "Rojas"
    ]
  },
  {
    "value": "Pareja Velasquez",
    "synonyms": [
      "Pareja Velasquez"
    ]
  },
  {
    "value": "Casasola Huamancusi",
    "synonyms": [
      "Casasola Huamancusi"
    ]
  },
  {
    "value": "Tomasto Farfan",
    "synonyms": [
      "Tomasto Farfan"
    ]
  },
  {
    "value": "Chato",
    "synonyms": [
      "Chato"
    ]
  },
  {
    "value": "Seeber",
    "synonyms": [
      "Seeber"
    ]
  },
  {
    "value": "Martinez Anton",
    "synonyms": [
      "Martinez Anton"
    ]
  },
  {
    "value": "Calvo",
    "synonyms": [
      "Calvo"
    ]
  },
  {
    "value": "Fays",
    "synonyms": [
      "Fays"
    ]
  },
  {
    "value": "Velasco",
    "synonyms": [
      "Velasco"
    ]
  },
  {
    "value": "Zavala Torres",
    "synonyms": [
      "Zavala Torres"
    ]
  },
  {
    "value": "Rodriguez",
    "synonyms": [
      "Rodriguez"
    ]
  },
  {
    "value": "Terceros Torrico",
    "synonyms": [
      "Terceros Torrico"
    ]
  },
  {
    "value": "Duarte",
    "synonyms": [
      "Duarte"
    ]
  },
  {
    "value": "Salazar",
    "synonyms": [
      "Salazar"
    ]
  },
  {
    "value": "Bermúdez Carvajal",
    "synonyms": [
      "Bermúdez Carvajal"
    ]
  },
  {
    "value": "Chavez Santos",
    "synonyms": [
      "Chavez Santos"
    ]
  },
  {
    "value": "Muñoz Solís",
    "synonyms": [
      "Muñoz Solís"
    ]
  },
  {
    "value": "Munoz Rodriguez",
    "synonyms": [
      "Munoz Rodriguez"
    ]
  },
  {
    "value": "Diaz Luque",
    "synonyms": [
      "Diaz Luque"
    ]
  },
  {
    "value": "Hernández Garnier",
    "synonyms": [
      "Hernández Garnier"
    ]
  },
  {
    "value": "Nunez Rodriguez",
    "synonyms": [
      "Nunez Rodriguez"
    ]
  },
  {
    "value": "del Aguila Febres",
    "synonyms": [
      "del Aguila Febres"
    ]
  },
  {
    "value": "La Madrid Napa",
    "synonyms": [
      "La Madrid Napa"
    ]
  },
  {
    "value": "Matarrita Aguirre",
    "synonyms": [
      "Matarrita Aguirre"
    ]
  },
  {
    "value": "Huaman Rojas",
    "synonyms": [
      "Huaman Rojas"
    ]
  },
  {
    "value": "Cruzado Davila",
    "synonyms": [
      "Cruzado Davila"
    ]
  },
  {
    "value": "Chocano Ibanez",
    "synonyms": [
      "Chocano Ibanez"
    ]
  },
  {
    "value": "Blandon",
    "synonyms": [
      "Blandon"
    ]
  },
  {
    "value": "Campos Torres",
    "synonyms": [
      "Campos Torres"
    ]
  },
  {
    "value": "Rojas",
    "synonyms": [
      "Rojas"
    ]
  },
  {
    "value": "Lenon Davis",
    "synonyms": [
      "Lenon Davis"
    ]
  },
  {
    "value": "Salas",
    "synonyms": [
      "Salas"
    ]
  },
  {
    "value": "Castro Cascante",
    "synonyms": [
      "Castro Cascante"
    ]
  },
  {
    "value": "Gómez Varela",
    "synonyms": [
      "Gómez Varela"
    ]
  },
  {
    "value": "Melendrez",
    "synonyms": [
      "Melendrez"
    ]
  },
  {
    "value": "Sanabria Villarroel",
    "synonyms": [
      "Sanabria Villarroel"
    ]
  },
  {
    "value": "Valerio Cerdas",
    "synonyms": [
      "Valerio Cerdas"
    ]
  },
  {
    "value": "Luna",
    "synonyms": [
      "Luna"
    ]
  },
  {
    "value": "Gonzalez Garcia",
    "synonyms": [
      "Gonzalez Garcia"
    ]
  },
  {
    "value": "Mora Fallas",
    "synonyms": [
      "Mora Fallas"
    ]
  },
  {
    "value": "Alfaro Morera",
    "synonyms": [
      "Alfaro Morera"
    ]
  },
  {
    "value": "Viquez Cruz",
    "synonyms": [
      "Viquez Cruz"
    ]
  },
  {
    "value": "Mora",
    "synonyms": [
      "Mora"
    ]
  },
  {
    "value": "Collel",
    "synonyms": [
      "Collel"
    ]
  },
  {
    "value": "Alvarez",
    "synonyms": [
      "Alvarez"
    ]
  },
  {
    "value": "Rodriguez Nuñez",
    "synonyms": [
      "Rodriguez Nuñez"
    ]
  },
  {
    "value": "Morales Arias",
    "synonyms": [
      "Morales Arias"
    ]
  },
  {
    "value": "Castillo Martínez",
    "synonyms": [
      "Castillo Martínez"
    ]
  },
  {
    "value": "Chacón Chacón",
    "synonyms": [
      "Chacón Chacón"
    ]
  },
  {
    "value": "Gil Aguilar",
    "synonyms": [
      "Gil Aguilar"
    ]
  },
  {
    "value": "Carrion Panta",
    "synonyms": [
      "Carrion Panta"
    ]
  },
  {
    "value": "Vargas",
    "synonyms": [
      "Vargas"
    ]
  },
  {
    "value": "Mendoza",
    "synonyms": [
      "Mendoza"
    ]
  },
  {
    "value": "Choque Cabrejos",
    "synonyms": [
      "Choque Cabrejos"
    ]
  },
  {
    "value": "Murillo",
    "synonyms": [
      "Murillo"
    ]
  },
  {
    "value": "Santos Torres",
    "synonyms": [
      "Santos Torres"
    ]
  },
  {
    "value": "Elizondo Rodríguez",
    "synonyms": [
      "Elizondo Rodríguez"
    ]
  },
  {
    "value": "Matamoros Martín",
    "synonyms": [
      "Matamoros Martín"
    ]
  },
  {
    "value": "Bran Chacón",
    "synonyms": [
      "Bran Chacón"
    ]
  },
  {
    "value": "Masís Mora",
    "synonyms": [
      "Masís Mora"
    ]
  },
  {
    "value": "Contreras Aguila",
    "synonyms": [
      "Contreras Aguila"
    ]
  },
  {
    "value": "Cubero",
    "synonyms": [
      "Cubero"
    ]
  },
  {
    "value": "Limas Miranda",
    "synonyms": [
      "Limas Miranda"
    ]
  },
  {
    "value": "Martin",
    "synonyms": [
      "Martin"
    ]
  },
  {
    "value": "Franco Bermudez",
    "synonyms": [
      "Franco Bermudez"
    ]
  },
  {
    "value": "Solano Granados",
    "synonyms": [
      "Solano Granados"
    ]
  },
  {
    "value": "La Rosa Ramos",
    "synonyms": [
      "La Rosa Ramos"
    ]
  },
  {
    "value": "Arica Pesantes",
    "synonyms": [
      "Arica Pesantes"
    ]
  },
  {
    "value": "Arias Ortiz",
    "synonyms": [
      "Arias Ortiz"
    ]
  },
  {
    "value": "Chavarria",
    "synonyms": [
      "Chavarria"
    ]
  },
  {
    "value": "Chinchilla",
    "synonyms": [
      "Chinchilla"
    ]
  },
  {
    "value": "Rivera Gustavson",
    "synonyms": [
      "Rivera Gustavson"
    ]
  },
  {
    "value": "Carvajal Sanchez",
    "synonyms": [
      "Carvajal Sanchez"
    ]
  },
  {
    "value": "Melendez Gonzales",
    "synonyms": [
      "Melendez Gonzales"
    ]
  },
  {
    "value": "Esquivel Montero",
    "synonyms": [
      "Esquivel Montero"
    ]
  },
  {
    "value": "Gonzalez Meza",
    "synonyms": [
      "Gonzalez Meza"
    ]
  },
  {
    "value": "Arce",
    "synonyms": [
      "Arce"
    ]
  },
  {
    "value": "López Agudelo",
    "synonyms": [
      "López Agudelo"
    ]
  },
  {
    "value": "Contreras Vargas",
    "synonyms": [
      "Contreras Vargas"
    ]
  },
  {
    "value": "Calderon",
    "synonyms": [
      "Calderon"
    ]
  },
  {
    "value": "Salhuana Rojas",
    "synonyms": [
      "Salhuana Rojas"
    ]
  },
  {
    "value": "Gutierrez",
    "synonyms": [
      "Gutierrez"
    ]
  },
  {
    "value": "Yave Guzman",
    "synonyms": [
      "Yave Guzman"
    ]
  },
  {
    "value": "Meneses",
    "synonyms": [
      "Meneses"
    ]
  },
  {
    "value": "Baltodano Rojas",
    "synonyms": [
      "Baltodano Rojas"
    ]
  },
  {
    "value": "Alfaro Rios",
    "synonyms": [
      "Alfaro Rios"
    ]
  },
  {
    "value": "Vargas",
    "synonyms": [
      "Vargas"
    ]
  },
  {
    "value": "Chacon",
    "synonyms": [
      "Chacon"
    ]
  },
  {
    "value": "Tejada Huaman",
    "synonyms": [
      "Tejada Huaman"
    ]
  },
  {
    "value": "Castillo Méndez",
    "synonyms": [
      "Castillo Méndez"
    ]
  },
  {
    "value": "Lobo Rodriguez",
    "synonyms": [
      "Lobo Rodriguez"
    ]
  },
  {
    "value": "Reluz Llaque",
    "synonyms": [
      "Reluz Llaque"
    ]
  },
  {
    "value": "Zamora Vasquez",
    "synonyms": [
      "Zamora Vasquez"
    ]
  },
  {
    "value": "Miranda Sandí",
    "synonyms": [
      "Miranda Sandí"
    ]
  },
  {
    "value": "Chaves Rodriguez",
    "synonyms": [
      "Chaves Rodriguez"
    ]
  },
  {
    "value": "Stambuk Yampara",
    "synonyms": [
      "Stambuk Yampara"
    ]
  },
  {
    "value": "Bartly",
    "synonyms": [
      "Bartly"
    ]
  },
  {
    "value": "Jaulis Rua",
    "synonyms": [
      "Jaulis Rua"
    ]
  },
  {
    "value": "Condor Untiveros",
    "synonyms": [
      "Condor Untiveros"
    ]
  },
  {
    "value": "Alvarado Alvarado",
    "synonyms": [
      "Alvarado Alvarado"
    ]
  },
  {
    "value": "Jiménez Méndez",
    "synonyms": [
      "Jiménez Méndez"
    ]
  },
  {
    "value": "Rojas",
    "synonyms": [
      "Rojas"
    ]
  },
  {
    "value": "Hernandez",
    "synonyms": [
      "Hernandez"
    ]
  },
  {
    "value": "Cubillo Arias",
    "synonyms": [
      "Cubillo Arias"
    ]
  },
  {
    "value": "Chaverri Coto",
    "synonyms": [
      "Chaverri Coto"
    ]
  },
  {
    "value": "Rojas",
    "synonyms": [
      "Rojas"
    ]
  },
  {
    "value": "Garro Gonzalez",
    "synonyms": [
      "Garro Gonzalez"
    ]
  },
  {
    "value": "Moreno Lopez",
    "synonyms": [
      "Moreno Lopez"
    ]
  },
  {
    "value": "Alvarez",
    "synonyms": [
      "Alvarez"
    ]
  },
  {
    "value": "Nina Huisa",
    "synonyms": [
      "Nina Huisa"
    ]
  },
  {
    "value": "Ricaldi Pesantes",
    "synonyms": [
      "Ricaldi Pesantes"
    ]
  },
  {
    "value": "Zapata Agreda",
    "synonyms": [
      "Zapata Agreda"
    ]
  },
  {
    "value": "Arce Cascante",
    "synonyms": [
      "Arce Cascante"
    ]
  },
  {
    "value": "Contreras Sanchez",
    "synonyms": [
      "Contreras Sanchez"
    ]
  },
  {
    "value": "Montoya Diaz",
    "synonyms": [
      "Montoya Diaz"
    ]
  },
  {
    "value": "Rojas Guevara",
    "synonyms": [
      "Rojas Guevara"
    ]
  },
  {
    "value": "Rodriguez",
    "synonyms": [
      "Rodriguez"
    ]
  },
  {
    "value": "Avila Arias",
    "synonyms": [
      "Avila Arias"
    ]
  },
  {
    "value": "Corrales",
    "synonyms": [
      "Corrales"
    ]
  },
  {
    "value": "Gamboa",
    "synonyms": [
      "Gamboa"
    ]
  },
  {
    "value": "La Battaglia",
    "synonyms": [
      "La Battaglia"
    ]
  },
  {
    "value": "Torres Simbron",
    "synonyms": [
      "Torres Simbron"
    ]
  },
  {
    "value": "Argandona Cartagena",
    "synonyms": [
      "Argandona Cartagena"
    ]
  },
  {
    "value": "Alvarado Molina",
    "synonyms": [
      "Alvarado Molina"
    ]
  },
  {
    "value": "Santamaria",
    "synonyms": [
      "Santamaria"
    ]
  },
  {
    "value": "Camacho",
    "synonyms": [
      "Camacho"
    ]
  },
  {
    "value": "Sequeira Ruiz",
    "synonyms": [
      "Sequeira Ruiz"
    ]
  },
  {
    "value": "Gonzalez",
    "synonyms": [
      "Gonzalez"
    ]
  },
  {
    "value": "Medina Bonilla",
    "synonyms": [
      "Medina Bonilla"
    ]
  },
  {
    "value": "Vegazo Velez",
    "synonyms": [
      "Vegazo Velez"
    ]
  },
  {
    "value": "Maida Claure",
    "synonyms": [
      "Maida Claure"
    ]
  },
  {
    "value": "Morera",
    "synonyms": [
      "Morera"
    ]
  },
  {
    "value": "Galagarza Garcia",
    "synonyms": [
      "Galagarza Garcia"
    ]
  },
  {
    "value": "Espinoza Perez",
    "synonyms": [
      "Espinoza Perez"
    ]
  },
  {
    "value": "Ramirez Cordero",
    "synonyms": [
      "Ramirez Cordero"
    ]
  },
  {
    "value": "Mendez",
    "synonyms": [
      "Mendez"
    ]
  },
  {
    "value": "Avila",
    "synonyms": [
      "Avila"
    ]
  },
  {
    "value": "Contreras",
    "synonyms": [
      "Contreras"
    ]
  },
  {
    "value": "Doghel",
    "synonyms": [
      "Doghel"
    ]
  },
  {
    "value": "Torres",
    "synonyms": [
      "Torres"
    ]
  },
  {
    "value": "Cascante Sandi",
    "synonyms": [
      "Cascante Sandi"
    ]
  },
  {
    "value": "Torner",
    "synonyms": [
      "Torner"
    ]
  },
  {
    "value": "Martinez",
    "synonyms": [
      "Martinez"
    ]
  },
  {
    "value": "Inga Pena",
    "synonyms": [
      "Inga Pena"
    ]
  },
  {
    "value": "Sanchez Echevarria",
    "synonyms": [
      "Sanchez Echevarria"
    ]
  },
  {
    "value": "Solis",
    "synonyms": [
      "Solis"
    ]
  },
  {
    "value": "Arce",
    "synonyms": [
      "Arce"
    ]
  },
  {
    "value": "Segura",
    "synonyms": [
      "Segura"
    ]
  },
  {
    "value": "Jiménez Cordero",
    "synonyms": [
      "Jiménez Cordero"
    ]
  },
  {
    "value": "Quiros Vargas",
    "synonyms": [
      "Quiros Vargas"
    ]
  },
  {
    "value": "Jenkins Moreno",
    "synonyms": [
      "Jenkins Moreno"
    ]
  },
  {
    "value": "Inca Aquino",
    "synonyms": [
      "Inca Aquino"
    ]
  },
  {
    "value": "Villca Condori",
    "synonyms": [
      "Villca Condori"
    ]
  },
  {
    "value": "Moya Sánchez",
    "synonyms": [
      "Moya Sánchez"
    ]
  },
  {
    "value": "López Aguilar",
    "synonyms": [
      "López Aguilar"
    ]
  },
  {
    "value": "Piazza",
    "synonyms": [
      "Piazza"
    ]
  },
  {
    "value": "Ramirez Cuba",
    "synonyms": [
      "Ramirez Cuba"
    ]
  },
  {
    "value": "Foulkes Westling",
    "synonyms": [
      "Foulkes Westling"
    ]
  },
  {
    "value": "Monge",
    "synonyms": [
      "Monge"
    ]
  },
  {
    "value": "Tantas Janampa",
    "synonyms": [
      "Tantas Janampa"
    ]
  },
  {
    "value": "Chaves Gonzalez",
    "synonyms": [
      "Chaves Gonzalez"
    ]
  },
  {
    "value": "Hidalgo",
    "synonyms": [
      "Hidalgo"
    ]
  },
  {
    "value": "Jose Guibo Higa",
    "synonyms": [
      "Jose Guibo Higa"
    ]
  },
  {
    "value": "Lezama Alejos",
    "synonyms": [
      "Lezama Alejos"
    ]
  },
  {
    "value": "Loayza Suarez",
    "synonyms": [
      "Loayza Suarez"
    ]
  },
  {
    "value": "Valverde",
    "synonyms": [
      "Valverde"
    ]
  },
  {
    "value": "Rosales Solera",
    "synonyms": [
      "Rosales Solera"
    ]
  },
  {
    "value": "no-reply",
    "synonyms": [
      "no-reply"
    ]
  },
  {
    "value": "Fallas",
    "synonyms": [
      "Fallas"
    ]
  },
  {
    "value": "Porras",
    "synonyms": [
      "Porras"
    ]
  },
  {
    "value": "Rodriguez",
    "synonyms": [
      "Rodriguez"
    ]
  },
  {
    "value": "Guerrero",
    "synonyms": [
      "Guerrero"
    ]
  },
  {
    "value": "Vega",
    "synonyms": [
      "Vega"
    ]
  },
  {
    "value": "Rodriguez",
    "synonyms": [
      "Rodriguez"
    ]
  },
  {
    "value": "Quesada Hernández",
    "synonyms": [
      "Quesada Hernández"
    ]
  },
  {
    "value": "Bendezu Aveunelly",
    "synonyms": [
      "Bendezu Aveunelly"
    ]
  },
  {
    "value": "Short",
    "synonyms": [
      "Short"
    ]
  },
  {
    "value": "Saborio Rodriguez",
    "synonyms": [
      "Saborio Rodriguez"
    ]
  },
  {
    "value": "Villarroel Mendieta",
    "synonyms": [
      "Villarroel Mendieta"
    ]
  },
  {
    "value": "Lepiz Chaves",
    "synonyms": [
      "Lepiz Chaves"
    ]
  },
  {
    "value": "Mori Pena",
    "synonyms": [
      "Mori Pena"
    ]
  },
  {
    "value": "Segura Valerio",
    "synonyms": [
      "Segura Valerio"
    ]
  },
  {
    "value": "Jimenez Cerdas",
    "synonyms": [
      "Jimenez Cerdas"
    ]
  },
  {
    "value": "Amón",
    "synonyms": [
      "Amón"
    ]
  },
  {
    "value": "Troncoso",
    "synonyms": [
      "Troncoso"
    ]
  },
  {
    "value": "Venancino Chuquibal",
    "synonyms": [
      "Venancino Chuquibal"
    ]
  },
  {
    "value": "Cruz",
    "synonyms": [
      "Cruz"
    ]
  },
  {
    "value": "Melis Alonso",
    "synonyms": [
      "Melis Alonso"
    ]
  },
  {
    "value": "Erick Oscategui Torres",
    "synonyms": [
      "Erick Oscategui Torres"
    ]
  },
  {
    "value": "Campos",
    "synonyms": [
      "Campos"
    ]
  },
  {
    "value": "Gomez Chaverri",
    "synonyms": [
      "Gomez Chaverri"
    ]
  },
  {
    "value": "San Carlos",
    "synonyms": [
      "San Carlos"
    ]
  },
  {
    "value": "Marenco Godoy",
    "synonyms": [
      "Marenco Godoy"
    ]
  },
  {
    "value": "Muir Clarke",
    "synonyms": [
      "Muir Clarke"
    ]
  },
  {
    "value": "Esquivel Castillo",
    "synonyms": [
      "Esquivel Castillo"
    ]
  },
  {
    "value": "Nájera Mora",
    "synonyms": [
      "Nájera Mora"
    ]
  },
  {
    "value": "Porras Quiros",
    "synonyms": [
      "Porras Quiros"
    ]
  },
  {
    "value": "Vasquez",
    "synonyms": [
      "Vasquez"
    ]
  },
  {
    "value": "Gomez Gonzalez",
    "synonyms": [
      "Gomez Gonzalez"
    ]
  },
  {
    "value": "Vargas Hilari",
    "synonyms": [
      "Vargas Hilari"
    ]
  },
  {
    "value": "Ken Li Santivanez",
    "synonyms": [
      "Ken Li Santivanez"
    ]
  },
  {
    "value": "Quesada Sánchez",
    "synonyms": [
      "Quesada Sánchez"
    ]
  },
  {
    "value": "Cortes Paniagua",
    "synonyms": [
      "Cortes Paniagua"
    ]
  },
  {
    "value": "Ortuño Flores",
    "synonyms": [
      "Ortuño Flores"
    ]
  },
  {
    "value": "Singh",
    "synonyms": [
      "Singh"
    ]
  },
  {
    "value": "Gallegos Páez",
    "synonyms": [
      "Gallegos Páez"
    ]
  },
  {
    "value": "Tablada",
    "synonyms": [
      "Tablada"
    ]
  },
  {
    "value": "Porras Huanuco",
    "synonyms": [
      "Porras Huanuco"
    ]
  },
  {
    "value": "Miranda",
    "synonyms": [
      "Miranda"
    ]
  },
  {
    "value": "Carballo Sanchez",
    "synonyms": [
      "Carballo Sanchez"
    ]
  },
  {
    "value": "Gómez Jackson",
    "synonyms": [
      "Gómez Jackson"
    ]
  },
  {
    "value": "Angulo Valle",
    "synonyms": [
      "Angulo Valle"
    ]
  },
  {
    "value": "Santamaria",
    "synonyms": [
      "Santamaria"
    ]
  },
  {
    "value": "Alvarez Mouravskaia",
    "synonyms": [
      "Alvarez Mouravskaia"
    ]
  },
  {
    "value": "Morales Arias",
    "synonyms": [
      "Morales Arias"
    ]
  },
  {
    "value": "Castro Badilla",
    "synonyms": [
      "Castro Badilla"
    ]
  },
  {
    "value": "Sibaja",
    "synonyms": [
      "Sibaja"
    ]
  },
  {
    "value": "Chinchilla",
    "synonyms": [
      "Chinchilla"
    ]
  },
  {
    "value": "Benavides Rodriguez",
    "synonyms": [
      "Benavides Rodriguez"
    ]
  },
  {
    "value": "Nuñez Rodriguez",
    "synonyms": [
      "Nuñez Rodriguez"
    ]
  },
  {
    "value": "Patricia More",
    "synonyms": [
      "Patricia More"
    ]
  },
  {
    "value": "Mattos Castro",
    "synonyms": [
      "Mattos Castro"
    ]
  },
  {
    "value": "Quesada León",
    "synonyms": [
      "Quesada León"
    ]
  },
  {
    "value": "Coto",
    "synonyms": [
      "Coto"
    ]
  },
  {
    "value": "Flores Arroyo",
    "synonyms": [
      "Flores Arroyo"
    ]
  },
  {
    "value": "Alameda Taboada",
    "synonyms": [
      "Alameda Taboada"
    ]
  },
  {
    "value": "Araya Montoya",
    "synonyms": [
      "Araya Montoya"
    ]
  },
  {
    "value": "Celis Arias",
    "synonyms": [
      "Celis Arias"
    ]
  },
  {
    "value": "Jimenez",
    "synonyms": [
      "Jimenez"
    ]
  },
  {
    "value": "Tribin Valencia",
    "synonyms": [
      "Tribin Valencia"
    ]
  },
  {
    "value": "Muñoz Solís",
    "synonyms": [
      "Muñoz Solís"
    ]
  },
  {
    "value": "Delgado",
    "synonyms": [
      "Delgado"
    ]
  },
  {
    "value": "Zambrana",
    "synonyms": [
      "Zambrana"
    ]
  },
  {
    "value": "Chaves Mendez",
    "synonyms": [
      "Chaves Mendez"
    ]
  },
  {
    "value": "Guzman Obando",
    "synonyms": [
      "Guzman Obando"
    ]
  },
  {
    "value": "Chaves Fonseca",
    "synonyms": [
      "Chaves Fonseca"
    ]
  },
  {
    "value": "Pizarro Valladares",
    "synonyms": [
      "Pizarro Valladares"
    ]
  },
  {
    "value": "Ramirez Villa",
    "synonyms": [
      "Ramirez Villa"
    ]
  },
  {
    "value": "Juarez Olaya",
    "synonyms": [
      "Juarez Olaya"
    ]
  },
  {
    "value": "Salazar Alfaro",
    "synonyms": [
      "Salazar Alfaro"
    ]
  },
  {
    "value": "Solis",
    "synonyms": [
      "Solis"
    ]
  },
  {
    "value": "Flores Salazar",
    "synonyms": [
      "Flores Salazar"
    ]
  },
  {
    "value": "Lozano Mendez",
    "synonyms": [
      "Lozano Mendez"
    ]
  },
  {
    "value": "Castro Avalos",
    "synonyms": [
      "Castro Avalos"
    ]
  },
  {
    "value": "Lopez Espiritu",
    "synonyms": [
      "Lopez Espiritu"
    ]
  },
  {
    "value": "Lopez",
    "synonyms": [
      "Lopez"
    ]
  },
  {
    "value": "Alfaro",
    "synonyms": [
      "Alfaro"
    ]
  },
  {
    "value": "Vega Bejarano",
    "synonyms": [
      "Vega Bejarano"
    ]
  },
  {
    "value": "Hurtado Vergara",
    "synonyms": [
      "Hurtado Vergara"
    ]
  },
  {
    "value": "Vargas Vargas",
    "synonyms": [
      "Vargas Vargas"
    ]
  },
  {
    "value": "Ugarte Baltodano",
    "synonyms": [
      "Ugarte Baltodano"
    ]
  },
  {
    "value": "Vargas Azofeifa",
    "synonyms": [
      "Vargas Azofeifa"
    ]
  },
  {
    "value": "Valdivieso Cajahuaringa",
    "synonyms": [
      "Valdivieso Cajahuaringa"
    ]
  },
  {
    "value": "Moya",
    "synonyms": [
      "Moya"
    ]
  },
  {
    "value": "Castro Moreira",
    "synonyms": [
      "Castro Moreira"
    ]
  },
  {
    "value": "Abdelnour",
    "synonyms": [
      "Abdelnour"
    ]
  },
  {
    "value": "Vargas Bergamino",
    "synonyms": [
      "Vargas Bergamino"
    ]
  },
  {
    "value": "Sánchez Ramírez",
    "synonyms": [
      "Sánchez Ramírez"
    ]
  },
  {
    "value": "Calvo Castro",
    "synonyms": [
      "Calvo Castro"
    ]
  },
  {
    "value": "Tejeda Pinto",
    "synonyms": [
      "Tejeda Pinto"
    ]
  },
  {
    "value": "Salazar",
    "synonyms": [
      "Salazar"
    ]
  },
  {
    "value": "Chaves",
    "synonyms": [
      "Chaves"
    ]
  },
  {
    "value": "Montero",
    "synonyms": [
      "Montero"
    ]
  },
  {
    "value": "Perez Castillo",
    "synonyms": [
      "Perez Castillo"
    ]
  },
  {
    "value": "Sanchez Bao",
    "synonyms": [
      "Sanchez Bao"
    ]
  },
  {
    "value": "Cascante",
    "synonyms": [
      "Cascante"
    ]
  },
  {
    "value": "Arias Arrieta",
    "synonyms": [
      "Arias Arrieta"
    ]
  },
  {
    "value": "Quinto Vargas",
    "synonyms": [
      "Quinto Vargas"
    ]
  },
  {
    "value": "Benavides Andreu",
    "synonyms": [
      "Benavides Andreu"
    ]
  },
  {
    "value": "Martinez Condega",
    "synonyms": [
      "Martinez Condega"
    ]
  },
  {
    "value": "Alayo Avila",
    "synonyms": [
      "Alayo Avila"
    ]
  },
  {
    "value": "Segura Segura",
    "synonyms": [
      "Segura Segura"
    ]
  },
  {
    "value": "Bonilla",
    "synonyms": [
      "Bonilla"
    ]
  },
  {
    "value": "Chacon Granados",
    "synonyms": [
      "Chacon Granados"
    ]
  },
  {
    "value": "Fonseca Solis",
    "synonyms": [
      "Fonseca Solis"
    ]
  },
  {
    "value": "Mancilla Gordillo",
    "synonyms": [
      "Mancilla Gordillo"
    ]
  },
  {
    "value": "Rojas Toralva",
    "synonyms": [
      "Rojas Toralva"
    ]
  },
  {
    "value": "De la Cruz Bendezu",
    "synonyms": [
      "De la Cruz Bendezu"
    ]
  },
  {
    "value": "Gonzalez",
    "synonyms": [
      "Gonzalez"
    ]
  },
  {
    "value": "Lamas Rodriguez",
    "synonyms": [
      "Lamas Rodriguez"
    ]
  },
  {
    "value": "Avila Guardado",
    "synonyms": [
      "Avila Guardado"
    ]
  },
  {
    "value": "Fernandez",
    "synonyms": [
      "Fernandez"
    ]
  },
  {
    "value": "Ortíz Martínez",
    "synonyms": [
      "Ortíz Martínez"
    ]
  },
  {
    "value": "Lescano Blanco",
    "synonyms": [
      "Lescano Blanco"
    ]
  },
  {
    "value": "Vergara Jara",
    "synonyms": [
      "Vergara Jara"
    ]
  },
  {
    "value": "Zamora Esquivel",
    "synonyms": [
      "Zamora Esquivel"
    ]
  },
  {
    "value": "Antonio Galvez Vargas",
    "synonyms": [
      "Antonio Galvez Vargas"
    ]
  },
  {
    "value": "Diaz Pacheco",
    "synonyms": [
      "Diaz Pacheco"
    ]
  },
  {
    "value": "Ramírez Andrés",
    "synonyms": [
      "Ramírez Andrés"
    ]
  },
  {
    "value": "Alvarado Astudillo",
    "synonyms": [
      "Alvarado Astudillo"
    ]
  },
  {
    "value": "Arce Molina",
    "synonyms": [
      "Arce Molina"
    ]
  },
  {
    "value": "Murillo Conejo",
    "synonyms": [
      "Murillo Conejo"
    ]
  },
  {
    "value": "Montealegre Carvajal",
    "synonyms": [
      "Montealegre Carvajal"
    ]
  },
  {
    "value": "Martinez",
    "synonyms": [
      "Martinez"
    ]
  },
  {
    "value": "Vallejos Barahona",
    "synonyms": [
      "Vallejos Barahona"
    ]
  },
  {
    "value": "Zamora Fonseca",
    "synonyms": [
      "Zamora Fonseca"
    ]
  },
  {
    "value": "Azogue Sempertegui",
    "synonyms": [
      "Azogue Sempertegui"
    ]
  },
  {
    "value": "Esquivel",
    "synonyms": [
      "Esquivel"
    ]
  },
  {
    "value": "Chauvel Vargas",
    "synonyms": [
      "Chauvel Vargas"
    ]
  },
  {
    "value": "Gamboa Vargas",
    "synonyms": [
      "Gamboa Vargas"
    ]
  },
  {
    "value": "Alarcon Maldonado",
    "synonyms": [
      "Alarcon Maldonado"
    ]
  },
  {
    "value": "Hitchcock",
    "synonyms": [
      "Hitchcock"
    ]
  },
  {
    "value": "Alonso Febrero Lira",
    "synonyms": [
      "Alonso Febrero Lira"
    ]
  },
  {
    "value": "Rodriguez Esquivel",
    "synonyms": [
      "Rodriguez Esquivel"
    ]
  },
  {
    "value": "Yaipen Soto",
    "synonyms": [
      "Yaipen Soto"
    ]
  },
  {
    "value": "Quiros Valerin",
    "synonyms": [
      "Quiros Valerin"
    ]
  },
  {
    "value": "Bolaños Valerio",
    "synonyms": [
      "Bolaños Valerio"
    ]
  },
  {
    "value": "Milon Juarez",
    "synonyms": [
      "Milon Juarez"
    ]
  },
  {
    "value": "Venegas",
    "synonyms": [
      "Venegas"
    ]
  },
  {
    "value": "Perez Baena",
    "synonyms": [
      "Perez Baena"
    ]
  },
  {
    "value": "Quesada Pastor",
    "synonyms": [
      "Quesada Pastor"
    ]
  },
  {
    "value": "Capra Chamorro",
    "synonyms": [
      "Capra Chamorro"
    ]
  },
  {
    "value": "Marchena Contreras",
    "synonyms": [
      "Marchena Contreras"
    ]
  },
  {
    "value": "Lopez Hermoza",
    "synonyms": [
      "Lopez Hermoza"
    ]
  },
  {
    "value": "Briceño",
    "synonyms": [
      "Briceño"
    ]
  },
  {
    "value": "Vargas Garita",
    "synonyms": [
      "Vargas Garita"
    ]
  },
  {
    "value": "Valverde Alfaro",
    "synonyms": [
      "Valverde Alfaro"
    ]
  },
  {
    "value": "Robles Martinez",
    "synonyms": [
      "Robles Martinez"
    ]
  },
  {
    "value": "Camacho Madrigal",
    "synonyms": [
      "Camacho Madrigal"
    ]
  },
  {
    "value": "Valerin Zamora",
    "synonyms": [
      "Valerin Zamora"
    ]
  },
  {
    "value": "Villegas",
    "synonyms": [
      "Villegas"
    ]
  },
  {
    "value": "Garcia",
    "synonyms": [
      "Garcia"
    ]
  },
  {
    "value": "Fernandez",
    "synonyms": [
      "Fernandez"
    ]
  },
  {
    "value": "Santacruz Portocarrero",
    "synonyms": [
      "Santacruz Portocarrero"
    ]
  },
  {
    "value": "Pacheco",
    "synonyms": [
      "Pacheco"
    ]
  },
  {
    "value": "Castro",
    "synonyms": [
      "Castro"
    ]
  },
  {
    "value": "Gonzalez Bonilla",
    "synonyms": [
      "Gonzalez Bonilla"
    ]
  },
  {
    "value": "Zúñiga Vallecillo",
    "synonyms": [
      "Zúñiga Vallecillo"
    ]
  },
  {
    "value": "Jiménez Abarca",
    "synonyms": [
      "Jiménez Abarca"
    ]
  },
  {
    "value": "Salas",
    "synonyms": [
      "Salas"
    ]
  },
  {
    "value": "Admin",
    "synonyms": [
      "Admin"
    ]
  },
  {
    "value": "Guerrero Madrigal",
    "synonyms": [
      "Guerrero Madrigal"
    ]
  },
  {
    "value": "Odicio Arrieta",
    "synonyms": [
      "Odicio Arrieta"
    ]
  },
  {
    "value": "Vargas Cordero",
    "synonyms": [
      "Vargas Cordero"
    ]
  },
  {
    "value": "Corella",
    "synonyms": [
      "Corella"
    ]
  },
  {
    "value": "Aleman Rojas",
    "synonyms": [
      "Aleman Rojas"
    ]
  },
  {
    "value": "Fallas Retana",
    "synonyms": [
      "Fallas Retana"
    ]
  },
  {
    "value": "Guardia",
    "synonyms": [
      "Guardia"
    ]
  },
  {
    "value": "Elizondo Villalobos",
    "synonyms": [
      "Elizondo Villalobos"
    ]
  },
  {
    "value": "Cartin Valverde",
    "synonyms": [
      "Cartin Valverde"
    ]
  },
  {
    "value": "Cordero Brenes",
    "synonyms": [
      "Cordero Brenes"
    ]
  },
  {
    "value": "Plasencia Carranza",
    "synonyms": [
      "Plasencia Carranza"
    ]
  },
  {
    "value": "Chavarría Cordero",
    "synonyms": [
      "Chavarría Cordero"
    ]
  },
  {
    "value": "Murillo",
    "synonyms": [
      "Murillo"
    ]
  },
  {
    "value": "Porras Rodríguez",
    "synonyms": [
      "Porras Rodríguez"
    ]
  },
  {
    "value": "Rodriguez Arguedas",
    "synonyms": [
      "Rodriguez Arguedas"
    ]
  },
  {
    "value": "Mata Díaz",
    "synonyms": [
      "Mata Díaz"
    ]
  },
  {
    "value": "Hernandez",
    "synonyms": [
      "Hernandez"
    ]
  },
  {
    "value": "Ramirez",
    "synonyms": [
      "Ramirez"
    ]
  },
  {
    "value": "Araya",
    "synonyms": [
      "Araya"
    ]
  },
  {
    "value": "Salazar Sosa",
    "synonyms": [
      "Salazar Sosa"
    ]
  },
  {
    "value": "Alfaro Vargas",
    "synonyms": [
      "Alfaro Vargas"
    ]
  },
  {
    "value": "Sandoval",
    "synonyms": [
      "Sandoval"
    ]
  },
  {
    "value": "Pia Felipa Alache",
    "synonyms": [
      "Pia Felipa Alache"
    ]
  },
  {
    "value": "Rojas",
    "synonyms": [
      "Rojas"
    ]
  },
  {
    "value": "Chaverri García",
    "synonyms": [
      "Chaverri García"
    ]
  },
  {
    "value": "Caller Guzman",
    "synonyms": [
      "Caller Guzman"
    ]
  },
  {
    "value": "Espinoza Palma",
    "synonyms": [
      "Espinoza Palma"
    ]
  },
  {
    "value": "Figueroa Arroyo",
    "synonyms": [
      "Figueroa Arroyo"
    ]
  },
  {
    "value": "Padilla Matarrita",
    "synonyms": [
      "Padilla Matarrita"
    ]
  },
  {
    "value": "Sánchez Vega",
    "synonyms": [
      "Sánchez Vega"
    ]
  },
  {
    "value": "Alemán Rojas",
    "synonyms": [
      "Alemán Rojas"
    ]
  },
  {
    "value": "Mayorga Jvozt",
    "synonyms": [
      "Mayorga Jvozt"
    ]
  },
  {
    "value": "Ramirez Monge",
    "synonyms": [
      "Ramirez Monge"
    ]
  },
  {
    "value": "Calvo",
    "synonyms": [
      "Calvo"
    ]
  },
  {
    "value": "Meza",
    "synonyms": [
      "Meza"
    ]
  },
  {
    "value": "Tasato Canepa",
    "synonyms": [
      "Tasato Canepa"
    ]
  },
  {
    "value": "Perez Araya",
    "synonyms": [
      "Perez Araya"
    ]
  },
  {
    "value": "Castro Calvo",
    "synonyms": [
      "Castro Calvo"
    ]
  },
  {
    "value": "Gómez Astua",
    "synonyms": [
      "Gómez Astua"
    ]
  },
  {
    "value": "Romero Quispe",
    "synonyms": [
      "Romero Quispe"
    ]
  },
  {
    "value": "Barrantes Gómez",
    "synonyms": [
      "Barrantes Gómez"
    ]
  },
  {
    "value": "Barquero Vindas",
    "synonyms": [
      "Barquero Vindas"
    ]
  },
  {
    "value": "Perez Pierola",
    "synonyms": [
      "Perez Pierola"
    ]
  },
  {
    "value": "Portuguez",
    "synonyms": [
      "Portuguez"
    ]
  },
  {
    "value": "Chirinos Perez",
    "synonyms": [
      "Chirinos Perez"
    ]
  },
  {
    "value": "Torres Sopla",
    "synonyms": [
      "Torres Sopla"
    ]
  },
  {
    "value": "Carvajal",
    "synonyms": [
      "Carvajal"
    ]
  },
  {
    "value": "Gamboa Vargas",
    "synonyms": [
      "Gamboa Vargas"
    ]
  },
  {
    "value": "Ledezma Mendez",
    "synonyms": [
      "Ledezma Mendez"
    ]
  },
  {
    "value": "Da Costa Bullon",
    "synonyms": [
      "Da Costa Bullon"
    ]
  },
  {
    "value": "Mora Sáenz",
    "synonyms": [
      "Mora Sáenz"
    ]
  },
  {
    "value": "Gutiérrez Alvarado",
    "synonyms": [
      "Gutiérrez Alvarado"
    ]
  },
  {
    "value": "Mita",
    "synonyms": [
      "Mita"
    ]
  },
  {
    "value": "Duarte Alvarez",
    "synonyms": [
      "Duarte Alvarez"
    ]
  },
  {
    "value": "Carmona",
    "synonyms": [
      "Carmona"
    ]
  },
  {
    "value": "Estrada",
    "synonyms": [
      "Estrada"
    ]
  },
  {
    "value": "Osores Francia",
    "synonyms": [
      "Osores Francia"
    ]
  },
  {
    "value": "Jara",
    "synonyms": [
      "Jara"
    ]
  },
  {
    "value": "Chaves Gonzalez",
    "synonyms": [
      "Chaves Gonzalez"
    ]
  },
  {
    "value": "Custodio Uypan",
    "synonyms": [
      "Custodio Uypan"
    ]
  },
  {
    "value": "Solano Fonseca",
    "synonyms": [
      "Solano Fonseca"
    ]
  },
  {
    "value": "Perez Marin",
    "synonyms": [
      "Perez Marin"
    ]
  },
  {
    "value": "Acuña Chavarria",
    "synonyms": [
      "Acuña Chavarria"
    ]
  },
  {
    "value": "Ocampos Cordova",
    "synonyms": [
      "Ocampos Cordova"
    ]
  },
  {
    "value": "Barrantes Lépiz",
    "synonyms": [
      "Barrantes Lépiz"
    ]
  },
  {
    "value": "Flores Chura",
    "synonyms": [
      "Flores Chura"
    ]
  },
  {
    "value": "Lopez Mesa",
    "synonyms": [
      "Lopez Mesa"
    ]
  },
  {
    "value": "Murillo",
    "synonyms": [
      "Murillo"
    ]
  },
  {
    "value": "Vindas Rivera",
    "synonyms": [
      "Vindas Rivera"
    ]
  },
  {
    "value": "Guerra Mansilla",
    "synonyms": [
      "Guerra Mansilla"
    ]
  },
  {
    "value": "Jarquin",
    "synonyms": [
      "Jarquin"
    ]
  },
  {
    "value": "Salgado",
    "synonyms": [
      "Salgado"
    ]
  },
  {
    "value": "Castillo Martinez",
    "synonyms": [
      "Castillo Martinez"
    ]
  },
  {
    "value": "Pineda Vasquez",
    "synonyms": [
      "Pineda Vasquez"
    ]
  },
  {
    "value": "Sanchez",
    "synonyms": [
      "Sanchez"
    ]
  },
  {
    "value": "Cisneros Aguilar",
    "synonyms": [
      "Cisneros Aguilar"
    ]
  },
  {
    "value": "Espinoza Ramirez",
    "synonyms": [
      "Espinoza Ramirez"
    ]
  },
  {
    "value": "Hidalgo",
    "synonyms": [
      "Hidalgo"
    ]
  },
  {
    "value": "Cedeño Sánchez",
    "synonyms": [
      "Cedeño Sánchez"
    ]
  },
  {
    "value": "Campos Trujillo",
    "synonyms": [
      "Campos Trujillo"
    ]
  },
  {
    "value": "Redondo Ortega",
    "synonyms": [
      "Redondo Ortega"
    ]
  },
  {
    "value": "Cortez Borrovich",
    "synonyms": [
      "Cortez Borrovich"
    ]
  },
  {
    "value": "Villalobos Araya",
    "synonyms": [
      "Villalobos Araya"
    ]
  },
  {
    "value": "Cossio Lopez",
    "synonyms": [
      "Cossio Lopez"
    ]
  },
  {
    "value": "Elizondo Camacho",
    "synonyms": [
      "Elizondo Camacho"
    ]
  },
  {
    "value": "Polens",
    "synonyms": [
      "Polens"
    ]
  },
  {
    "value": "Ortega Brenes",
    "synonyms": [
      "Ortega Brenes"
    ]
  },
  {
    "value": "Najera",
    "synonyms": [
      "Najera"
    ]
  },
  {
    "value": "Revilla Nieto",
    "synonyms": [
      "Revilla Nieto"
    ]
  },
  {
    "value": "Contreras",
    "synonyms": [
      "Contreras"
    ]
  },
  {
    "value": "Durán Nuñez",
    "synonyms": [
      "Durán Nuñez"
    ]
  },
  {
    "value": "Sandoval",
    "synonyms": [
      "Sandoval"
    ]
  },
  {
    "value": "Herrera",
    "synonyms": [
      "Herrera"
    ]
  },
  {
    "value": "Valerio Murillo",
    "synonyms": [
      "Valerio Murillo"
    ]
  },
  {
    "value": "Serrano",
    "synonyms": [
      "Serrano"
    ]
  },
  {
    "value": "Guzmán Sánchez",
    "synonyms": [
      "Guzmán Sánchez"
    ]
  },
  {
    "value": "Salas Alvarado",
    "synonyms": [
      "Salas Alvarado"
    ]
  },
  {
    "value": "Carvajal Argandona",
    "synonyms": [
      "Carvajal Argandona"
    ]
  },
  {
    "value": "Owsianik",
    "synonyms": [
      "Owsianik"
    ]
  },
  {
    "value": "Ponce",
    "synonyms": [
      "Ponce"
    ]
  },
  {
    "value": "Patroni Dedekind",
    "synonyms": [
      "Patroni Dedekind"
    ]
  },
  {
    "value": "Martinez",
    "synonyms": [
      "Martinez"
    ]
  },
  {
    "value": "Lopez Mamani",
    "synonyms": [
      "Lopez Mamani"
    ]
  },
  {
    "value": "Urpi Paniagua",
    "synonyms": [
      "Urpi Paniagua"
    ]
  },
  {
    "value": "Villafuerte",
    "synonyms": [
      "Villafuerte"
    ]
  },
  {
    "value": "Mayna Coaguila",
    "synonyms": [
      "Mayna Coaguila"
    ]
  },
  {
    "value": "McCarthy Morris",
    "synonyms": [
      "McCarthy Morris"
    ]
  },
  {
    "value": "Cabraca",
    "synonyms": [
      "Cabraca"
    ]
  },
  {
    "value": "Rodriguez",
    "synonyms": [
      "Rodriguez"
    ]
  },
  {
    "value": "Diaz Belleza",
    "synonyms": [
      "Diaz Belleza"
    ]
  },
  {
    "value": "Olivas",
    "synonyms": [
      "Olivas"
    ]
  },
  {
    "value": "Salazar Saenz",
    "synonyms": [
      "Salazar Saenz"
    ]
  },
  {
    "value": "Guzman Villarroel",
    "synonyms": [
      "Guzman Villarroel"
    ]
  },
  {
    "value": "Morera Durán",
    "synonyms": [
      "Morera Durán"
    ]
  },
  {
    "value": "Villarroel Vasquez",
    "synonyms": [
      "Villarroel Vasquez"
    ]
  },
  {
    "value": "Menjivar",
    "synonyms": [
      "Menjivar"
    ]
  },
  {
    "value": "Vargas Almendras",
    "synonyms": [
      "Vargas Almendras"
    ]
  },
  {
    "value": "Cordero Vasquez",
    "synonyms": [
      "Cordero Vasquez"
    ]
  },
  {
    "value": "Lopez Peredo",
    "synonyms": [
      "Lopez Peredo"
    ]
  },
  {
    "value": "Timana Paz",
    "synonyms": [
      "Timana Paz"
    ]
  },
  {
    "value": "Alicia Gomez Junco",
    "synonyms": [
      "Alicia Gomez Junco"
    ]
  },
  {
    "value": "Quispe Nestares",
    "synonyms": [
      "Quispe Nestares"
    ]
  },
  {
    "value": "Vega Cespedes",
    "synonyms": [
      "Vega Cespedes"
    ]
  },
  {
    "value": "Varillas Torres",
    "synonyms": [
      "Varillas Torres"
    ]
  },
  {
    "value": "Chacon Soto",
    "synonyms": [
      "Chacon Soto"
    ]
  },
  {
    "value": "Guzman Hidalgo",
    "synonyms": [
      "Guzman Hidalgo"
    ]
  },
  {
    "value": "Rodriguez",
    "synonyms": [
      "Rodriguez"
    ]
  },
  {
    "value": "Monzon Fernandez Baca",
    "synonyms": [
      "Monzon Fernandez Baca"
    ]
  },
  {
    "value": "Flores Sanchez",
    "synonyms": [
      "Flores Sanchez"
    ]
  },
  {
    "value": "Alas",
    "synonyms": [
      "Alas"
    ]
  },
  {
    "value": "Chapilliquen Suarez",
    "synonyms": [
      "Chapilliquen Suarez"
    ]
  },
  {
    "value": "Sánchez",
    "synonyms": [
      "Sánchez"
    ]
  },
  {
    "value": "Balbontin",
    "synonyms": [
      "Balbontin"
    ]
  },
  {
    "value": "Calvo Vargas",
    "synonyms": [
      "Calvo Vargas"
    ]
  },
  {
    "value": "Rivera Céspedes",
    "synonyms": [
      "Rivera Céspedes"
    ]
  },
  {
    "value": "Gonzalez",
    "synonyms": [
      "Gonzalez"
    ]
  },
  {
    "value": "Briceño Vega",
    "synonyms": [
      "Briceño Vega"
    ]
  },
  {
    "value": "Esquivel Oviedo",
    "synonyms": [
      "Esquivel Oviedo"
    ]
  },
  {
    "value": "Castro Valerio",
    "synonyms": [
      "Castro Valerio"
    ]
  },
  {
    "value": "Escala Neyra",
    "synonyms": [
      "Escala Neyra"
    ]
  },
  {
    "value": "Sanchez Mora",
    "synonyms": [
      "Sanchez Mora"
    ]
  },
  {
    "value": "Macalupu Masias",
    "synonyms": [
      "Macalupu Masias"
    ]
  },
  {
    "value": "Loayza Soriano",
    "synonyms": [
      "Loayza Soriano"
    ]
  },
  {
    "value": "Valencia",
    "synonyms": [
      "Valencia"
    ]
  },
  {
    "value": "Daza Chicana",
    "synonyms": [
      "Daza Chicana"
    ]
  },
  {
    "value": "Montero Quesada",
    "synonyms": [
      "Montero Quesada"
    ]
  },
  {
    "value": "Porras Pineda",
    "synonyms": [
      "Porras Pineda"
    ]
  },
  {
    "value": "Dev",
    "synonyms": [
      "Dev"
    ]
  },
  {
    "value": "Rodriguez Brenes",
    "synonyms": [
      "Rodriguez Brenes"
    ]
  },
  {
    "value": "test",
    "synonyms": [
      "test"
    ]
  },
  {
    "value": "Araya",
    "synonyms": [
      "Araya"
    ]
  },
  {
    "value": "Gamboa Torres",
    "synonyms": [
      "Gamboa Torres"
    ]
  },
  {
    "value": "Villalobos Matamoros",
    "synonyms": [
      "Villalobos Matamoros"
    ]
  },
  {
    "value": "Villalobos",
    "synonyms": [
      "Villalobos"
    ]
  },
  {
    "value": "Andia Tello",
    "synonyms": [
      "Andia Tello"
    ]
  },
  {
    "value": "Gamboa Vasquez",
    "synonyms": [
      "Gamboa Vasquez"
    ]
  },
  {
    "value": "Varela",
    "synonyms": [
      "Varela"
    ]
  },
  {
    "value": "Vargas",
    "synonyms": [
      "Vargas"
    ]
  },
  {
    "value": "Acuña",
    "synonyms": [
      "Acuña"
    ]
  },
  {
    "value": "Ortuno Flores",
    "synonyms": [
      "Ortuno Flores"
    ]
  },
  {
    "value": "Argote Paez",
    "synonyms": [
      "Argote Paez"
    ]
  },
  {
    "value": "Sanchez Huiman",
    "synonyms": [
      "Sanchez Huiman"
    ]
  },
  {
    "value": "Reyes",
    "synonyms": [
      "Reyes"
    ]
  },
  {
    "value": "Aguilar",
    "synonyms": [
      "Aguilar"
    ]
  },
  {
    "value": "Ochoa Gallegos",
    "synonyms": [
      "Ochoa Gallegos"
    ]
  },
  {
    "value": "Boreán Araujo",
    "synonyms": [
      "Boreán Araujo"
    ]
  },
  {
    "value": "Sandoval Quiros",
    "synonyms": [
      "Sandoval Quiros"
    ]
  },
  {
    "value": "Carrasco Mori",
    "synonyms": [
      "Carrasco Mori"
    ]
  },
  {
    "value": "Quintero Ramirez",
    "synonyms": [
      "Quintero Ramirez"
    ]
  },
  {
    "value": "Abarca",
    "synonyms": [
      "Abarca"
    ]
  },
  {
    "value": "Rangel Osorio",
    "synonyms": [
      "Rangel Osorio"
    ]
  },
  {
    "value": "Brenes Zumbaso",
    "synonyms": [
      "Brenes Zumbaso"
    ]
  },
  {
    "value": "Remedios Araya",
    "synonyms": [
      "Remedios Araya"
    ]
  },
  {
    "value": "Rodriguez",
    "synonyms": [
      "Rodriguez"
    ]
  },
  {
    "value": "Quirós Valverde",
    "synonyms": [
      "Quirós Valverde"
    ]
  },
  {
    "value": "Fonseca Salicetti",
    "synonyms": [
      "Fonseca Salicetti"
    ]
  },
  {
    "value": "Asendeteufrer",
    "synonyms": [
      "Asendeteufrer"
    ]
  },
  {
    "value": "Jauregui Yokokura",
    "synonyms": [
      "Jauregui Yokokura"
    ]
  },
  {
    "value": "Acosta Dianderas",
    "synonyms": [
      "Acosta Dianderas"
    ]
  },
  {
    "value": "Bermeo Frias",
    "synonyms": [
      "Bermeo Frias"
    ]
  },
  {
    "value": "Fernandez",
    "synonyms": [
      "Fernandez"
    ]
  },
  {
    "value": "Murillo Sibaja",
    "synonyms": [
      "Murillo Sibaja"
    ]
  },
  {
    "value": "Vizarraga Salazar",
    "synonyms": [
      "Vizarraga Salazar"
    ]
  },
  {
    "value": "Hernández Cisneros",
    "synonyms": [
      "Hernández Cisneros"
    ]
  },
  {
    "value": "Huari Quicano",
    "synonyms": [
      "Huari Quicano"
    ]
  },
  {
    "value": "Diaz Quiroz",
    "synonyms": [
      "Diaz Quiroz"
    ]
  },
  {
    "value": "Navarro Meza",
    "synonyms": [
      "Navarro Meza"
    ]
  },
  {
    "value": "Alvarado Alvarado",
    "synonyms": [
      "Alvarado Alvarado"
    ]
  },
  {
    "value": "Cuzcano Soriano",
    "synonyms": [
      "Cuzcano Soriano"
    ]
  },
  {
    "value": "Garro",
    "synonyms": [
      "Garro"
    ]
  },
  {
    "value": "Segura",
    "synonyms": [
      "Segura"
    ]
  },
  {
    "value": "Valerio",
    "synonyms": [
      "Valerio"
    ]
  },
  {
    "value": "Orrillo Abanto",
    "synonyms": [
      "Orrillo Abanto"
    ]
  },
  {
    "value": "Mora",
    "synonyms": [
      "Mora"
    ]
  },
  {
    "value": "Obando Loria",
    "synonyms": [
      "Obando Loria"
    ]
  },
  {
    "value": "Roldan Castro",
    "synonyms": [
      "Roldan Castro"
    ]
  },
  {
    "value": "Garrido",
    "synonyms": [
      "Garrido"
    ]
  },
  {
    "value": "Velasquez",
    "synonyms": [
      "Velasquez"
    ]
  },
  {
    "value": "Montiel Soto",
    "synonyms": [
      "Montiel Soto"
    ]
  },
  {
    "value": "Llona",
    "synonyms": [
      "Llona"
    ]
  },
  {
    "value": "Rojas López",
    "synonyms": [
      "Rojas López"
    ]
  },
  {
    "value": "Mendoza Salazar",
    "synonyms": [
      "Mendoza Salazar"
    ]
  },
  {
    "value": "Broutin",
    "synonyms": [
      "Broutin"
    ]
  },
  {
    "value": "Salazar",
    "synonyms": [
      "Salazar"
    ]
  },
  {
    "value": "Zuñiga Orozco",
    "synonyms": [
      "Zuñiga Orozco"
    ]
  },
  {
    "value": "Canales Cabrera",
    "synonyms": [
      "Canales Cabrera"
    ]
  },
  {
    "value": "Mejia",
    "synonyms": [
      "Mejia"
    ]
  },
  {
    "value": "Hidalgo Murillo",
    "synonyms": [
      "Hidalgo Murillo"
    ]
  },
  {
    "value": "Mora Garita",
    "synonyms": [
      "Mora Garita"
    ]
  },
  {
    "value": "Jones Castro",
    "synonyms": [
      "Jones Castro"
    ]
  },
  {
    "value": "Briceño Briceño Sánchez",
    "synonyms": [
      "Briceño Briceño Sánchez"
    ]
  },
  {
    "value": "Garay Salazar",
    "synonyms": [
      "Garay Salazar"
    ]
  },
  {
    "value": "Jimenez",
    "synonyms": [
      "Jimenez"
    ]
  },
  {
    "value": "Campos Arce",
    "synonyms": [
      "Campos Arce"
    ]
  },
  {
    "value": "Álvarez",
    "synonyms": [
      "Álvarez"
    ]
  },
  {
    "value": "Fernandez",
    "synonyms": [
      "Fernandez"
    ]
  },
  {
    "value": "Dimopoulos",
    "synonyms": [
      "Dimopoulos"
    ]
  },
  {
    "value": "Chung Lee",
    "synonyms": [
      "Chung Lee"
    ]
  },
  {
    "value": "Vargas",
    "synonyms": [
      "Vargas"
    ]
  },
  {
    "value": "Dellepiane Espinoza",
    "synonyms": [
      "Dellepiane Espinoza"
    ]
  },
  {
    "value": "Julio Linero Prieto",
    "synonyms": [
      "Julio Linero Prieto"
    ]
  },
  {
    "value": "Rodriguez Molina",
    "synonyms": [
      "Rodriguez Molina"
    ]
  },
  {
    "value": "Castro Marin",
    "synonyms": [
      "Castro Marin"
    ]
  },
  {
    "value": "Montoya",
    "synonyms": [
      "Montoya"
    ]
  },
  {
    "value": "Capacitacion SJO",
    "synonyms": [
      "Capacitacion SJO"
    ]
  },
  {
    "value": "Rojas Acuna",
    "synonyms": [
      "Rojas Acuna"
    ]
  },
  {
    "value": "Villafuerte Hernández",
    "synonyms": [
      "Villafuerte Hernández"
    ]
  },
  {
    "value": "Centeno Gomez",
    "synonyms": [
      "Centeno Gomez"
    ]
  },
  {
    "value": "Abarca",
    "synonyms": [
      "Abarca"
    ]
  },
  {
    "value": "Vargas",
    "synonyms": [
      "Vargas"
    ]
  },
  {
    "value": "Corrales Vargas",
    "synonyms": [
      "Corrales Vargas"
    ]
  },
  {
    "value": "Conejo",
    "synonyms": [
      "Conejo"
    ]
  },
  {
    "value": "Timoteo Mallma",
    "synonyms": [
      "Timoteo Mallma"
    ]
  },
  {
    "value": "Apaza Ramos",
    "synonyms": [
      "Apaza Ramos"
    ]
  },
  {
    "value": "Ccami Rabelo",
    "synonyms": [
      "Ccami Rabelo"
    ]
  },
  {
    "value": "Valverde Barahona",
    "synonyms": [
      "Valverde Barahona"
    ]
  },
  {
    "value": "Valenzuela Vargas",
    "synonyms": [
      "Valenzuela Vargas"
    ]
  },
  {
    "value": "Chaves Marchena",
    "synonyms": [
      "Chaves Marchena"
    ]
  },
  {
    "value": "Barrantes Zúñiga",
    "synonyms": [
      "Barrantes Zúñiga"
    ]
  },
  {
    "value": "Chaves Hernández",
    "synonyms": [
      "Chaves Hernández"
    ]
  },
  {
    "value": "Lazo Gonzalez",
    "synonyms": [
      "Lazo Gonzalez"
    ]
  },
  {
    "value": "Calvo Badilla",
    "synonyms": [
      "Calvo Badilla"
    ]
  },
  {
    "value": "Aruquipa Chana",
    "synonyms": [
      "Aruquipa Chana"
    ]
  },
  {
    "value": "Hernandez",
    "synonyms": [
      "Hernandez"
    ]
  },
  {
    "value": "Castillo Mendoza",
    "synonyms": [
      "Castillo Mendoza"
    ]
  },
  {
    "value": "Chavarria",
    "synonyms": [
      "Chavarria"
    ]
  },
  {
    "value": "Vargas",
    "synonyms": [
      "Vargas"
    ]
  },
  {
    "value": "Martínez",
    "synonyms": [
      "Martínez"
    ]
  },
  {
    "value": "Ramirez Yanez",
    "synonyms": [
      "Ramirez Yanez"
    ]
  },
  {
    "value": "Apu",
    "synonyms": [
      "Apu"
    ]
  },
  {
    "value": "Carvajal Hernandez",
    "synonyms": [
      "Carvajal Hernandez"
    ]
  },
  {
    "value": "Collantes Garcia",
    "synonyms": [
      "Collantes Garcia"
    ]
  },
  {
    "value": "Avila Gomez",
    "synonyms": [
      "Avila Gomez"
    ]
  },
  {
    "value": "Carrasco Yaranga",
    "synonyms": [
      "Carrasco Yaranga"
    ]
  },
  {
    "value": "Rojas",
    "synonyms": [
      "Rojas"
    ]
  },
  {
    "value": "Solís Barquero",
    "synonyms": [
      "Solís Barquero"
    ]
  },
  {
    "value": "Vargas Ramírez",
    "synonyms": [
      "Vargas Ramírez"
    ]
  },
  {
    "value": "Julca Mejia",
    "synonyms": [
      "Julca Mejia"
    ]
  },
  {
    "value": "da Hora Guimaraes Dos Santos",
    "synonyms": [
      "da Hora Guimaraes Dos Santos"
    ]
  },
  {
    "value": "Chevez",
    "synonyms": [
      "Chevez"
    ]
  },
  {
    "value": "Rojas",
    "synonyms": [
      "Rojas"
    ]
  },
  {
    "value": "Ordonez Condor",
    "synonyms": [
      "Ordonez Condor"
    ]
  },
  {
    "value": "Marin Araya",
    "synonyms": [
      "Marin Araya"
    ]
  },
  {
    "value": "Gonzalez",
    "synonyms": [
      "Gonzalez"
    ]
  },
  {
    "value": "Sanchez",
    "synonyms": [
      "Sanchez"
    ]
  },
  {
    "value": "Arias Aguero",
    "synonyms": [
      "Arias Aguero"
    ]
  },
  {
    "value": "Vilela Jacobo",
    "synonyms": [
      "Vilela Jacobo"
    ]
  },
  {
    "value": "Matarrita Cespedes",
    "synonyms": [
      "Matarrita Cespedes"
    ]
  },
  {
    "value": "Borja Mori",
    "synonyms": [
      "Borja Mori"
    ]
  },
  {
    "value": "Steinvorth Vallecillo",
    "synonyms": [
      "Steinvorth Vallecillo"
    ]
  },
  {
    "value": "Montero",
    "synonyms": [
      "Montero"
    ]
  },
  {
    "value": "Huertas",
    "synonyms": [
      "Huertas"
    ]
  }
]