[
  {
    "value": "Alejandra",
    "synonyms": [
      "Alejandra"
    ]
  },
  {
    "value": "Barbara",
    "synonyms": [
      "Barbara"
    ]
  },
  {
    "value": "Corey",
    "synonyms": [
      "Corey"
    ]
  },
  {
    "value": "Cristina",
    "synonyms": [
      "Cristina"
    ]
  },
  {
    "value": "Alexander",
    "synonyms": [
      "Alexander"
    ]
  },
  {
    "value": "Adriana",
    "synonyms": [
      "Adriana"
    ]
  },
  {
    "value": "Ariel",
    "synonyms": [
      "Ariel"
    ]
  },
  {
    "value": "Christian",
    "synonyms": [
      "Christian"
    ]
  },
  {
    "value": "Cindy",
    "synonyms": [
      "Cindy"
    ]
  },
  {
    "value": "Claudia",
    "synonyms": [
      "Claudia"
    ]
  },
  {
    "value": "Adrian",
    "synonyms": [
      "Adrian"
    ]
  },
  {
    "value": "Alvaro",
    "synonyms": [
      "Alvaro"
    ]
  },
  {
    "value": "Bryan",
    "synonyms": [
      "Bryan"
    ]
  },
  {
    "value": "Carool",
    "synonyms": [
      "Carool"
    ]
  },
  {
    "value": "Claudio",
    "synonyms": [
      "Claudio"
    ]
  },
  {
    "value": "Adrián",
    "synonyms": [
      "Adrián"
    ]
  },
  {
    "value": "Adrián",
    "synonyms": [
      "Adrián"
    ]
  },
  {
    "value": "Alexsandro",
    "synonyms": [
      "Alexsandro"
    ]
  },
  {
    "value": "Damir",
    "synonyms": [
      "Damir"
    ]
  },
  {
    "value": "Alonso",
    "synonyms": [
      "Alonso"
    ]
  },
  {
    "value": "Angela",
    "synonyms": [
      "Angela"
    ]
  },
  {
    "value": "Byron",
    "synonyms": [
      "Byron"
    ]
  },
  {
    "value": "Alcira",
    "synonyms": [
      "Alcira"
    ]
  },
  {
    "value": "Amelia",
    "synonyms": [
      "Amelia"
    ]
  },
  {
    "value": "Brian",
    "synonyms": [
      "Brian"
    ]
  },
  {
    "value": "Cyndi",
    "synonyms": [
      "Cyndi"
    ]
  },
  {
    "value": "Bernal",
    "synonyms": [
      "Bernal"
    ]
  },
  {
    "value": "Abdalla",
    "synonyms": [
      "Abdalla"
    ]
  },
  {
    "value": "Aisen",
    "synonyms": [
      "Aisen"
    ]
  },
  {
    "value": "Andrey",
    "synonyms": [
      "Andrey"
    ]
  },
  {
    "value": "Antonio",
    "synonyms": [
      "Antonio"
    ]
  },
  {
    "value": "Albin",
    "synonyms": [
      "Albin"
    ]
  },
  {
    "value": "Allan",
    "synonyms": [
      "Allan"
    ]
  },
  {
    "value": "Andrea",
    "synonyms": [
      "Andrea"
    ]
  },
  {
    "value": "Camilo",
    "synonyms": [
      "Camilo"
    ]
  },
  {
    "value": "Carol",
    "synonyms": [
      "Carol"
    ]
  },
  {
    "value": "Braulio",
    "synonyms": [
      "Braulio"
    ]
  },
  {
    "value": "Cecilia",
    "synonyms": [
      "Cecilia"
    ]
  },
  {
    "value": "Dalila",
    "synonyms": [
      "Dalila"
    ]
  },
  {
    "value": "Sala",
    "synonyms": [
      "Sala"
    ]
  },
  {
    "value": "Conrrad",
    "synonyms": [
      "Conrrad"
    ]
  },
  {
    "value": "Andres",
    "synonyms": [
      "Andres"
    ]
  },
  {
    "value": "Andy",
    "synonyms": [
      "Andy"
    ]
  },
  {
    "value": "Carmen",
    "synonyms": [
      "Carmen"
    ]
  },
  {
    "value": "Cinthya",
    "synonyms": [
      "Cinthya"
    ]
  },
  {
    "value": "Aaron",
    "synonyms": [
      "Aaron"
    ]
  },
  {
    "value": "Adolfo",
    "synonyms": [
      "Adolfo"
    ]
  },
  {
    "value": "Alberto",
    "synonyms": [
      "Alberto"
    ]
  },
  {
    "value": "Alex",
    "synonyms": [
      "Alex"
    ]
  },
  {
    "value": "Boris",
    "synonyms": [
      "Boris"
    ]
  },
  {
    "value": "Abel",
    "synonyms": [
      "Abel"
    ]
  },
  {
    "value": "Anamari",
    "synonyms": [
      "Anamari"
    ]
  },
  {
    "value": "Alexia",
    "synonyms": [
      "Alexia"
    ]
  },
  {
    "value": "Aldhair",
    "synonyms": [
      "Aldhair"
    ]
  },
  {
    "value": "Ana",
    "synonyms": [
      "Ana"
    ]
  },
  {
    "value": "Angel",
    "synonyms": [
      "Angel"
    ]
  },
  {
    "value": "Armando",
    "synonyms": [
      "Armando"
    ]
  },
  {
    "value": "Christian",
    "synonyms": [
      "Christian"
    ]
  },
  {
    "value": "Angie",
    "synonyms": [
      "Angie"
    ]
  },
  {
    "value": "Azure",
    "synonyms": [
      "Azure"
    ]
  },
  {
    "value": "Brayan",
    "synonyms": [
      "Brayan"
    ]
  },
  {
    "value": "Cesar",
    "synonyms": [
      "Cesar"
    ]
  },
  {
    "value": "Cristiam",
    "synonyms": [
      "Cristiam"
    ]
  },
  {
    "value": "Dania",
    "synonyms": [
      "Dania"
    ]
  },
  {
    "value": "Esteban",
    "synonyms": [
      "Esteban"
    ]
  },
  {
    "value": "Dominique",
    "synonyms": [
      "Dominique"
    ]
  },
  {
    "value": "Evelio",
    "synonyms": [
      "Evelio"
    ]
  },
  {
    "value": "Frank",
    "synonyms": [
      "Frank"
    ]
  },
  {
    "value": "Gerardo",
    "synonyms": [
      "Gerardo"
    ]
  },
  {
    "value": "Jean",
    "synonyms": [
      "Jean"
    ]
  },
  {
    "value": "Jeronimo",
    "synonyms": [
      "Jeronimo"
    ]
  },
  {
    "value": "Diana",
    "synonyms": [
      "Diana"
    ]
  },
  {
    "value": "Enrique",
    "synonyms": [
      "Enrique"
    ]
  },
  {
    "value": "Erik",
    "synonyms": [
      "Erik"
    ]
  },
  {
    "value": "Genaro",
    "synonyms": [
      "Genaro"
    ]
  },
  {
    "value": "Geovanny",
    "synonyms": [
      "Geovanny"
    ]
  },
  {
    "value": "Heidi",
    "synonyms": [
      "Heidi"
    ]
  },
  {
    "value": "Iveth",
    "synonyms": [
      "Iveth"
    ]
  },
  {
    "value": "Jenny",
    "synonyms": [
      "Jenny"
    ]
  },
  {
    "value": "Jhonattan",
    "synonyms": [
      "Jhonattan"
    ]
  },
  {
    "value": "Jhonny",
    "synonyms": [
      "Jhonny"
    ]
  },
  {
    "value": "Daniel",
    "synonyms": [
      "Daniel"
    ]
  },
  {
    "value": "Dylana",
    "synonyms": [
      "Dylana"
    ]
  },
  {
    "value": "Ericka",
    "synonyms": [
      "Ericka"
    ]
  },
  {
    "value": "Franchescoli",
    "synonyms": [
      "Franchescoli"
    ]
  },
  {
    "value": "Guillermo",
    "synonyms": [
      "Guillermo"
    ]
  },
  {
    "value": "Javier",
    "synonyms": [
      "Javier"
    ]
  },
  {
    "value": "Jean",
    "synonyms": [
      "Jean"
    ]
  },
  {
    "value": "Danny",
    "synonyms": [
      "Danny"
    ]
  },
  {
    "value": "Dilmer",
    "synonyms": [
      "Dilmer"
    ]
  },
  {
    "value": "Glender",
    "synonyms": [
      "Glender"
    ]
  },
  {
    "value": "Henry",
    "synonyms": [
      "Henry"
    ]
  },
  {
    "value": "Ignacio",
    "synonyms": [
      "Ignacio"
    ]
  },
  {
    "value": "Jeffrey",
    "synonyms": [
      "Jeffrey"
    ]
  },
  {
    "value": "Joe",
    "synonyms": [
      "Joe"
    ]
  },
  {
    "value": "Fiorella",
    "synonyms": [
      "Fiorella"
    ]
  },
  {
    "value": "Gilberto",
    "synonyms": [
      "Gilberto"
    ]
  },
  {
    "value": "Hugo",
    "synonyms": [
      "Hugo"
    ]
  },
  {
    "value": "Ina",
    "synonyms": [
      "Ina"
    ]
  },
  {
    "value": "Jahir",
    "synonyms": [
      "Jahir"
    ]
  },
  {
    "value": "Janett",
    "synonyms": [
      "Janett"
    ]
  },
  {
    "value": "Jhonny",
    "synonyms": [
      "Jhonny"
    ]
  },
  {
    "value": "Denis",
    "synonyms": [
      "Denis"
    ]
  },
  {
    "value": "Jose",
    "synonyms": [
      "Jose"
    ]
  },
  {
    "value": "Francisco",
    "synonyms": [
      "Francisco"
    ]
  },
  {
    "value": "German",
    "synonyms": [
      "German"
    ]
  },
  {
    "value": "Giovanni",
    "synonyms": [
      "Giovanni"
    ]
  },
  {
    "value": "Ivan",
    "synonyms": [
      "Ivan"
    ]
  },
  {
    "value": "Jessica",
    "synonyms": [
      "Jessica"
    ]
  },
  {
    "value": "Jimmy",
    "synonyms": [
      "Jimmy"
    ]
  },
  {
    "value": "Jorge",
    "synonyms": [
      "Jorge"
    ]
  },
  {
    "value": "Dany",
    "synonyms": [
      "Dany"
    ]
  },
  {
    "value": "Edith",
    "synonyms": [
      "Edith"
    ]
  },
  {
    "value": "Edwin",
    "synonyms": [
      "Edwin"
    ]
  },
  {
    "value": "Elias",
    "synonyms": [
      "Elias"
    ]
  },
  {
    "value": "Esteban",
    "synonyms": [
      "Esteban"
    ]
  },
  {
    "value": "Guillermo",
    "synonyms": [
      "Guillermo"
    ]
  },
  {
    "value": "Iris",
    "synonyms": [
      "Iris"
    ]
  },
  {
    "value": "Jason",
    "synonyms": [
      "Jason"
    ]
  },
  {
    "value": "Johan",
    "synonyms": [
      "Johan"
    ]
  },
  {
    "value": "Dayana",
    "synonyms": [
      "Dayana"
    ]
  },
  {
    "value": "Derick",
    "synonyms": [
      "Derick"
    ]
  },
  {
    "value": "Edson",
    "synonyms": [
      "Edson"
    ]
  },
  {
    "value": "Fernando",
    "synonyms": [
      "Fernando"
    ]
  },
  {
    "value": "Glenda",
    "synonyms": [
      "Glenda"
    ]
  },
  {
    "value": "Hector",
    "synonyms": [
      "Hector"
    ]
  },
  {
    "value": "Huber",
    "synonyms": [
      "Huber"
    ]
  },
  {
    "value": "Ileana",
    "synonyms": [
      "Ileana"
    ]
  },
  {
    "value": "Izahir",
    "synonyms": [
      "Izahir"
    ]
  },
  {
    "value": "Jahzeel",
    "synonyms": [
      "Jahzeel"
    ]
  },
  {
    "value": "Jilthy",
    "synonyms": [
      "Jilthy"
    ]
  },
  {
    "value": "Jonathan",
    "synonyms": [
      "Jonathan"
    ]
  },
  {
    "value": "Dennis",
    "synonyms": [
      "Dennis"
    ]
  },
  {
    "value": "David",
    "synonyms": [
      "David"
    ]
  },
  {
    "value": "Eloy",
    "synonyms": [
      "Eloy"
    ]
  },
  {
    "value": "Deiver",
    "synonyms": [
      "Deiver"
    ]
  },
  {
    "value": "Daniela",
    "synonyms": [
      "Daniela"
    ]
  },
  {
    "value": "Emilio",
    "synonyms": [
      "Emilio"
    ]
  },
  {
    "value": "Gabriela",
    "synonyms": [
      "Gabriela"
    ]
  },
  {
    "value": "Gustavo",
    "synonyms": [
      "Gustavo"
    ]
  },
  {
    "value": "Hilda",
    "synonyms": [
      "Hilda"
    ]
  },
  {
    "value": "Iver",
    "synonyms": [
      "Iver"
    ]
  },
  {
    "value": "Jenkins",
    "synonyms": [
      "Jenkins"
    ]
  },
  {
    "value": "Edgar",
    "synonyms": [
      "Edgar"
    ]
  },
  {
    "value": "Eduardo",
    "synonyms": [
      "Eduardo"
    ]
  },
  {
    "value": "Greivin",
    "synonyms": [
      "Greivin"
    ]
  },
  {
    "value": "Isaac",
    "synonyms": [
      "Isaac"
    ]
  },
  {
    "value": "Jairo",
    "synonyms": [
      "Jairo"
    ]
  },
  {
    "value": "Emmanuel",
    "synonyms": [
      "Emmanuel"
    ]
  },
  {
    "value": "Floribeth",
    "synonyms": [
      "Floribeth"
    ]
  },
  {
    "value": "Jesus",
    "synonyms": [
      "Jesus"
    ]
  },
  {
    "value": "John",
    "synonyms": [
      "John"
    ]
  },
  {
    "value": "Dennis",
    "synonyms": [
      "Dennis"
    ]
  },
  {
    "value": "Eddu",
    "synonyms": [
      "Eddu"
    ]
  },
  {
    "value": "Edward",
    "synonyms": [
      "Edward"
    ]
  },
  {
    "value": "Federico",
    "synonyms": [
      "Federico"
    ]
  },
  {
    "value": "Felipe",
    "synonyms": [
      "Felipe"
    ]
  },
  {
    "value": "Felix",
    "synonyms": [
      "Felix"
    ]
  },
  {
    "value": "Harpreet",
    "synonyms": [
      "Harpreet"
    ]
  },
  {
    "value": "Jaime",
    "synonyms": [
      "Jaime"
    ]
  },
  {
    "value": "Jhoel",
    "synonyms": [
      "Jhoel"
    ]
  },
  {
    "value": "David",
    "synonyms": [
      "David"
    ]
  },
  {
    "value": "Didier",
    "synonyms": [
      "Didier"
    ]
  },
  {
    "value": "Eduardo",
    "synonyms": [
      "Eduardo"
    ]
  },
  {
    "value": "Edvin",
    "synonyms": [
      "Edvin"
    ]
  },
  {
    "value": "Eladio",
    "synonyms": [
      "Eladio"
    ]
  },
  {
    "value": "Elia",
    "synonyms": [
      "Elia"
    ]
  },
  {
    "value": "Maria",
    "synonyms": [
      "Maria"
    ]
  },
  {
    "value": "Gaston",
    "synonyms": [
      "Gaston"
    ]
  },
  {
    "value": "Gianluca",
    "synonyms": [
      "Gianluca"
    ]
  },
  {
    "value": "Hellen",
    "synonyms": [
      "Hellen"
    ]
  },
  {
    "value": "Jose",
    "synonyms": [
      "Jose"
    ]
  },
  {
    "value": "Deiner",
    "synonyms": [
      "Deiner"
    ]
  },
  {
    "value": "Oscar",
    "synonyms": [
      "Oscar"
    ]
  },
  {
    "value": "Deiber",
    "synonyms": [
      "Deiber"
    ]
  },
  {
    "value": "Eder",
    "synonyms": [
      "Eder"
    ]
  },
  {
    "value": "Helen",
    "synonyms": [
      "Helen"
    ]
  },
  {
    "value": "Ivonne",
    "synonyms": [
      "Ivonne"
    ]
  },
  {
    "value": "Jorge",
    "synonyms": [
      "Jorge"
    ]
  },
  {
    "value": "Johnny",
    "synonyms": [
      "Johnny"
    ]
  },
  {
    "value": "Diego",
    "synonyms": [
      "Diego"
    ]
  },
  {
    "value": "Fabian",
    "synonyms": [
      "Fabian"
    ]
  },
  {
    "value": "Hagen",
    "synonyms": [
      "Hagen"
    ]
  },
  {
    "value": "Isabel",
    "synonyms": [
      "Isabel"
    ]
  },
  {
    "value": "Jafeth",
    "synonyms": [
      "Jafeth"
    ]
  },
  {
    "value": "James",
    "synonyms": [
      "James"
    ]
  },
  {
    "value": "Floryevelyn",
    "synonyms": [
      "Floryevelyn"
    ]
  },
  {
    "value": "Frarlon",
    "synonyms": [
      "Frarlon"
    ]
  },
  {
    "value": "Herbert",
    "synonyms": [
      "Herbert"
    ]
  },
  {
    "value": "Jeison",
    "synonyms": [
      "Jeison"
    ]
  },
  {
    "value": "Jhanpol",
    "synonyms": [
      "Jhanpol"
    ]
  },
  {
    "value": "Joel",
    "synonyms": [
      "Joel"
    ]
  },
  {
    "value": "Kevin",
    "synonyms": [
      "Kevin"
    ]
  },
  {
    "value": "Keiner",
    "synonyms": [
      "Keiner"
    ]
  },
  {
    "value": "Julia",
    "synonyms": [
      "Julia"
    ]
  },
  {
    "value": "Marcela",
    "synonyms": [
      "Marcela"
    ]
  },
  {
    "value": "Maria",
    "synonyms": [
      "Maria"
    ]
  },
  {
    "value": "Justin",
    "synonyms": [
      "Justin"
    ]
  },
  {
    "value": "Katheryne",
    "synonyms": [
      "Katheryne"
    ]
  },
  {
    "value": "Leasingone",
    "synonyms": [
      "Leasingone"
    ]
  },
  {
    "value": "Leila",
    "synonyms": [
      "Leila"
    ]
  },
  {
    "value": "Luigi",
    "synonyms": [
      "Luigi"
    ]
  },
  {
    "value": "Luis",
    "synonyms": [
      "Luis"
    ]
  },
  {
    "value": "Manuel",
    "synonyms": [
      "Manuel"
    ]
  },
  {
    "value": "Mario",
    "synonyms": [
      "Mario"
    ]
  },
  {
    "value": "Marisol",
    "synonyms": [
      "Marisol"
    ]
  },
  {
    "value": "Lidier",
    "synonyms": [
      "Lidier"
    ]
  },
  {
    "value": "Manfred",
    "synonyms": [
      "Manfred"
    ]
  },
  {
    "value": "Marena",
    "synonyms": [
      "Marena"
    ]
  },
  {
    "value": "Mariam",
    "synonyms": [
      "Mariam"
    ]
  },
  {
    "value": "Joyce",
    "synonyms": [
      "Joyce"
    ]
  },
  {
    "value": "Josue",
    "synonyms": [
      "Josue"
    ]
  },
  {
    "value": "Karina",
    "synonyms": [
      "Karina"
    ]
  },
  {
    "value": "Leonardo",
    "synonyms": [
      "Leonardo"
    ]
  },
  {
    "value": "Magda",
    "synonyms": [
      "Magda"
    ]
  },
  {
    "value": "Kimberly",
    "synonyms": [
      "Kimberly"
    ]
  },
  {
    "value": "Matias",
    "synonyms": [
      "Matias"
    ]
  },
  {
    "value": "Maickol",
    "synonyms": [
      "Maickol"
    ]
  },
  {
    "value": "Keiser",
    "synonyms": [
      "Keiser"
    ]
  },
  {
    "value": "Kelvin",
    "synonyms": [
      "Kelvin"
    ]
  },
  {
    "value": "Lazlo",
    "synonyms": [
      "Lazlo"
    ]
  },
  {
    "value": "Marlon",
    "synonyms": [
      "Marlon"
    ]
  },
  {
    "value": "Maikol",
    "synonyms": [
      "Maikol"
    ]
  },
  {
    "value": "Manyor",
    "synonyms": [
      "Manyor"
    ]
  },
  {
    "value": "Katherine",
    "synonyms": [
      "Katherine"
    ]
  },
  {
    "value": "Julio",
    "synonyms": [
      "Julio"
    ]
  },
  {
    "value": "Joshua",
    "synonyms": [
      "Joshua"
    ]
  },
  {
    "value": "Leandro",
    "synonyms": [
      "Leandro"
    ]
  },
  {
    "value": "Kenia",
    "synonyms": [
      "Kenia"
    ]
  },
  {
    "value": "Keyla",
    "synonyms": [
      "Keyla"
    ]
  },
  {
    "value": "Laura",
    "synonyms": [
      "Laura"
    ]
  },
  {
    "value": "Marlon",
    "synonyms": [
      "Marlon"
    ]
  },
  {
    "value": "Juan",
    "synonyms": [
      "Juan"
    ]
  },
  {
    "value": "José",
    "synonyms": [
      "José"
    ]
  },
  {
    "value": "Judith",
    "synonyms": [
      "Judith"
    ]
  },
  {
    "value": "Leybi",
    "synonyms": [
      "Leybi"
    ]
  },
  {
    "value": "Lidey",
    "synonyms": [
      "Lidey"
    ]
  },
  {
    "value": "Magda",
    "synonyms": [
      "Magda"
    ]
  },
  {
    "value": "Maicol",
    "synonyms": [
      "Maicol"
    ]
  },
  {
    "value": "Kattya",
    "synonyms": [
      "Kattya"
    ]
  },
  {
    "value": "Kenneth",
    "synonyms": [
      "Kenneth"
    ]
  },
  {
    "value": "Luiggi",
    "synonyms": [
      "Luiggi"
    ]
  },
  {
    "value": "Kenjy",
    "synonyms": [
      "Kenjy"
    ]
  },
  {
    "value": "Kevyn",
    "synonyms": [
      "Kevyn"
    ]
  },
  {
    "value": "Leidy",
    "synonyms": [
      "Leidy"
    ]
  },
  {
    "value": "Karla",
    "synonyms": [
      "Karla"
    ]
  },
  {
    "value": "Marco",
    "synonyms": [
      "Marco"
    ]
  },
  {
    "value": "Marisabel",
    "synonyms": [
      "Marisabel"
    ]
  },
  {
    "value": "Mack",
    "synonyms": [
      "Mack"
    ]
  },
  {
    "value": "Magaly",
    "synonyms": [
      "Magaly"
    ]
  },
  {
    "value": "Lucero",
    "synonyms": [
      "Lucero"
    ]
  },
  {
    "value": "Magdiell",
    "synonyms": [
      "Magdiell"
    ]
  },
  {
    "value": "Marcelo",
    "synonyms": [
      "Marcelo"
    ]
  },
  {
    "value": "Marcos",
    "synonyms": [
      "Marcos"
    ]
  },
  {
    "value": "Marvin",
    "synonyms": [
      "Marvin"
    ]
  },
  {
    "value": "Mary",
    "synonyms": [
      "Mary"
    ]
  },
  {
    "value": "Mauricio",
    "synonyms": [
      "Mauricio"
    ]
  },
  {
    "value": "Mónica",
    "synonyms": [
      "Mónica"
    ]
  },
  {
    "value": "Rafael",
    "synonyms": [
      "Rafael"
    ]
  },
  {
    "value": "Michael",
    "synonyms": [
      "Michael"
    ]
  },
  {
    "value": "Nataly",
    "synonyms": [
      "Nataly"
    ]
  },
  {
    "value": "Sharon",
    "synonyms": [
      "Sharon"
    ]
  },
  {
    "value": "Stefany",
    "synonyms": [
      "Stefany"
    ]
  },
  {
    "value": "Rosana",
    "synonyms": [
      "Rosana"
    ]
  },
  {
    "value": "Rossy",
    "synonyms": [
      "Rossy"
    ]
  },
  {
    "value": "Royner",
    "synonyms": [
      "Royner"
    ]
  },
  {
    "value": "Regina",
    "synonyms": [
      "Regina"
    ]
  },
  {
    "value": "Rosana",
    "synonyms": [
      "Rosana"
    ]
  },
  {
    "value": "Ricardo",
    "synonyms": [
      "Ricardo"
    ]
  },
  {
    "value": "Robinson",
    "synonyms": [
      "Robinson"
    ]
  },
  {
    "value": "Sandra",
    "synonyms": [
      "Sandra"
    ]
  },
  {
    "value": "Stefanny",
    "synonyms": [
      "Stefanny"
    ]
  },
  {
    "value": "Stephanie",
    "synonyms": [
      "Stephanie"
    ]
  },
  {
    "value": "Rodrigo",
    "synonyms": [
      "Rodrigo"
    ]
  },
  {
    "value": "Rene",
    "synonyms": [
      "Rene"
    ]
  },
  {
    "value": "Rodrigo",
    "synonyms": [
      "Rodrigo"
    ]
  },
  {
    "value": "Sylvana",
    "synonyms": [
      "Sylvana"
    ]
  },
  {
    "value": "Tatiana",
    "synonyms": [
      "Tatiana"
    ]
  },
  {
    "value": "Santiago",
    "synonyms": [
      "Santiago"
    ]
  },
  {
    "value": "Stephen",
    "synonyms": [
      "Stephen"
    ]
  },
  {
    "value": "Susana",
    "synonyms": [
      "Susana"
    ]
  },
  {
    "value": "Natalia",
    "synonyms": [
      "Natalia"
    ]
  },
  {
    "value": "Neiger",
    "synonyms": [
      "Neiger"
    ]
  },
  {
    "value": "Paola",
    "synonyms": [
      "Paola"
    ]
  },
  {
    "value": "Pedro",
    "synonyms": [
      "Pedro"
    ]
  },
  {
    "value": "Sala",
    "synonyms": [
      "Sala"
    ]
  },
  {
    "value": "Ramon",
    "synonyms": [
      "Ramon"
    ]
  },
  {
    "value": "Robinson",
    "synonyms": [
      "Robinson"
    ]
  },
  {
    "value": "Sofía",
    "synonyms": [
      "Sofía"
    ]
  },
  {
    "value": "Rudy",
    "synonyms": [
      "Rudy"
    ]
  },
  {
    "value": "Stefan",
    "synonyms": [
      "Stefan"
    ]
  },
  {
    "value": "Tatiana",
    "synonyms": [
      "Tatiana"
    ]
  },
  {
    "value": "Tonny",
    "synonyms": [
      "Tonny"
    ]
  },
  {
    "value": "Tsen",
    "synonyms": [
      "Tsen"
    ]
  },
  {
    "value": "Mauro",
    "synonyms": [
      "Mauro"
    ]
  },
  {
    "value": "Maximiliano",
    "synonyms": [
      "Maximiliano"
    ]
  },
  {
    "value": "Max",
    "synonyms": [
      "Max"
    ]
  },
  {
    "value": "Maycol",
    "synonyms": [
      "Maycol"
    ]
  },
  {
    "value": "Néstor",
    "synonyms": [
      "Néstor"
    ]
  },
  {
    "value": "Royner",
    "synonyms": [
      "Royner"
    ]
  },
  {
    "value": "Tatiana",
    "synonyms": [
      "Tatiana"
    ]
  },
  {
    "value": "Tracy",
    "synonyms": [
      "Tracy"
    ]
  },
  {
    "value": "Victor",
    "synonyms": [
      "Victor"
    ]
  },
  {
    "value": "Melvin",
    "synonyms": [
      "Melvin"
    ]
  },
  {
    "value": "Miluska",
    "synonyms": [
      "Miluska"
    ]
  },
  {
    "value": "Melissa",
    "synonyms": [
      "Melissa"
    ]
  },
  {
    "value": "Nicholas",
    "synonyms": [
      "Nicholas"
    ]
  },
  {
    "value": "Noelia",
    "synonyms": [
      "Noelia"
    ]
  },
  {
    "value": "Guido",
    "synonyms": [
      "Guido"
    ]
  },
  {
    "value": "Ralph",
    "synonyms": [
      "Ralph"
    ]
  },
  {
    "value": "Ronald",
    "synonyms": [
      "Ronald"
    ]
  },
  {
    "value": "Rudy",
    "synonyms": [
      "Rudy"
    ]
  },
  {
    "value": "Sala",
    "synonyms": [
      "Sala"
    ]
  },
  {
    "value": "Sergio",
    "synonyms": [
      "Sergio"
    ]
  },
  {
    "value": "Ronald",
    "synonyms": [
      "Ronald"
    ]
  },
  {
    "value": "Rosario",
    "synonyms": [
      "Rosario"
    ]
  },
  {
    "value": "Silvia",
    "synonyms": [
      "Silvia"
    ]
  },
  {
    "value": "Moises",
    "synonyms": [
      "Moises"
    ]
  },
  {
    "value": "Orlando",
    "synonyms": [
      "Orlando"
    ]
  },
  {
    "value": "Nehemias",
    "synonyms": [
      "Nehemias"
    ]
  },
  {
    "value": "Milton",
    "synonyms": [
      "Milton"
    ]
  },
  {
    "value": "Mauro",
    "synonyms": [
      "Mauro"
    ]
  },
  {
    "value": "Miguel",
    "synonyms": [
      "Miguel"
    ]
  },
  {
    "value": "Paolo",
    "synonyms": [
      "Paolo"
    ]
  },
  {
    "value": "Rossy",
    "synonyms": [
      "Rossy"
    ]
  },
  {
    "value": "Segundo",
    "synonyms": [
      "Segundo"
    ]
  },
  {
    "value": "Sehyris",
    "synonyms": [
      "Sehyris"
    ]
  },
  {
    "value": "Stuart",
    "synonyms": [
      "Stuart"
    ]
  },
  {
    "value": "Misael",
    "synonyms": [
      "Misael"
    ]
  },
  {
    "value": "Rene",
    "synonyms": [
      "Rene"
    ]
  },
  {
    "value": "Ricardo",
    "synonyms": [
      "Ricardo"
    ]
  },
  {
    "value": "Santiago",
    "synonyms": [
      "Santiago"
    ]
  },
  {
    "value": "Suyen",
    "synonyms": [
      "Suyen"
    ]
  },
  {
    "value": "Veronica",
    "synonyms": [
      "Veronica"
    ]
  },
  {
    "value": "Stephanie",
    "synonyms": [
      "Stephanie"
    ]
  },
  {
    "value": "Robert",
    "synonyms": [
      "Robert"
    ]
  },
  {
    "value": "Roger",
    "synonyms": [
      "Roger"
    ]
  },
  {
    "value": "Ronny",
    "synonyms": [
      "Ronny"
    ]
  },
  {
    "value": "Rosario",
    "synonyms": [
      "Rosario"
    ]
  },
  {
    "value": "Sandra",
    "synonyms": [
      "Sandra"
    ]
  },
  {
    "value": "Robert",
    "synonyms": [
      "Robert"
    ]
  },
  {
    "value": "Rodrigo",
    "synonyms": [
      "Rodrigo"
    ]
  },
  {
    "value": "Ronny",
    "synonyms": [
      "Ronny"
    ]
  },
  {
    "value": "Sofía",
    "synonyms": [
      "Sofía"
    ]
  },
  {
    "value": "Stefany",
    "synonyms": [
      "Stefany"
    ]
  },
  {
    "value": "Tomas",
    "synonyms": [
      "Tomas"
    ]
  },
  {
    "value": "Rebeca",
    "synonyms": [
      "Rebeca"
    ]
  },
  {
    "value": "Octavio",
    "synonyms": [
      "Octavio"
    ]
  },
  {
    "value": "Roberto",
    "synonyms": [
      "Roberto"
    ]
  },
  {
    "value": "Tomas",
    "synonyms": [
      "Tomas"
    ]
  },
  {
    "value": "Sylvana",
    "synonyms": [
      "Sylvana"
    ]
  },
  {
    "value": "Tracy",
    "synonyms": [
      "Tracy"
    ]
  },
  {
    "value": "Nergil",
    "synonyms": [
      "Nergil"
    ]
  },
  {
    "value": "Paul",
    "synonyms": [
      "Paul"
    ]
  },
  {
    "value": "Segundo",
    "synonyms": [
      "Segundo"
    ]
  },
  {
    "value": "Sehyris",
    "synonyms": [
      "Sehyris"
    ]
  },
  {
    "value": "Stefan",
    "synonyms": [
      "Stefan"
    ]
  },
  {
    "value": "Sharon",
    "synonyms": [
      "Sharon"
    ]
  },
  {
    "value": "Suyen",
    "synonyms": [
      "Suyen"
    ]
  },
  {
    "value": "Melany",
    "synonyms": [
      "Melany"
    ]
  },
  {
    "value": "Pablo",
    "synonyms": [
      "Pablo"
    ]
  },
  {
    "value": "Priscilla",
    "synonyms": [
      "Priscilla"
    ]
  },
  {
    "value": "Richard",
    "synonyms": [
      "Richard"
    ]
  },
  {
    "value": "Roy",
    "synonyms": [
      "Roy"
    ]
  },
  {
    "value": "Silvia",
    "synonyms": [
      "Silvia"
    ]
  },
  {
    "value": "Roy",
    "synonyms": [
      "Roy"
    ]
  },
  {
    "value": "Sala",
    "synonyms": [
      "Sala"
    ]
  },
  {
    "value": "Sofia",
    "synonyms": [
      "Sofia"
    ]
  },
  {
    "value": "Susana",
    "synonyms": [
      "Susana"
    ]
  },
  {
    "value": "Oscar",
    "synonyms": [
      "Oscar"
    ]
  },
  {
    "value": "Pamela",
    "synonyms": [
      "Pamela"
    ]
  },
  {
    "value": "Randall",
    "synonyms": [
      "Randall"
    ]
  },
  {
    "value": "Rudy",
    "synonyms": [
      "Rudy"
    ]
  },
  {
    "value": "Stefanny",
    "synonyms": [
      "Stefanny"
    ]
  },
  {
    "value": "Roberto",
    "synonyms": [
      "Roberto"
    ]
  },
  {
    "value": "Roger",
    "synonyms": [
      "Roger"
    ]
  },
  {
    "value": "Stuart",
    "synonyms": [
      "Stuart"
    ]
  },
  {
    "value": "Valeria",
    "synonyms": [
      "Valeria"
    ]
  },
  {
    "value": "Stephen",
    "synonyms": [
      "Stephen"
    ]
  },
  {
    "value": "Raul",
    "synonyms": [
      "Raul"
    ]
  },
  {
    "value": "Rebecca",
    "synonyms": [
      "Rebecca"
    ]
  },
  {
    "value": "Richard",
    "synonyms": [
      "Richard"
    ]
  },
  {
    "value": "Sergio",
    "synonyms": [
      "Sergio"
    ]
  },
  {
    "value": "Tonny",
    "synonyms": [
      "Tonny"
    ]
  },
  {
    "value": "Xinia",
    "synonyms": [
      "Xinia"
    ]
  },
  {
    "value": "Warren",
    "synonyms": [
      "Warren"
    ]
  },
  {
    "value": "Valeria",
    "synonyms": [
      "Valeria"
    ]
  },
  {
    "value": "Yeimy",
    "synonyms": [
      "Yeimy"
    ]
  },
  {
    "value": "Victor",
    "synonyms": [
      "Victor"
    ]
  },
  {
    "value": "Vladimir",
    "synonyms": [
      "Vladimir"
    ]
  },
  {
    "value": "Yeison",
    "synonyms": [
      "Yeison"
    ]
  },
  {
    "value": "Ytalo",
    "synonyms": [
      "Ytalo"
    ]
  },
  {
    "value": "Vivian",
    "synonyms": [
      "Vivian"
    ]
  },
  {
    "value": "Wandrea",
    "synonyms": [
      "Wandrea"
    ]
  },
  {
    "value": "Wilber",
    "synonyms": [
      "Wilber"
    ]
  },
  {
    "value": "Walter",
    "synonyms": [
      "Walter"
    ]
  },
  {
    "value": "Yerson",
    "synonyms": [
      "Yerson"
    ]
  },
  {
    "value": "Viviana",
    "synonyms": [
      "Viviana"
    ]
  },
  {
    "value": "Wilfredo",
    "synonyms": [
      "Wilfredo"
    ]
  },
  {
    "value": "William",
    "synonyms": [
      "William"
    ]
  },
  {
    "value": "Wilson",
    "synonyms": [
      "Wilson"
    ]
  },
  {
    "value": "Veronica",
    "synonyms": [
      "Veronica"
    ]
  },
  {
    "value": "Yerlin",
    "synonyms": [
      "Yerlin"
    ]
  },
  {
    "value": "Yoel",
    "synonyms": [
      "Yoel"
    ]
  },
  {
    "value": "Yendry",
    "synonyms": [
      "Yendry"
    ]
  },
  {
    "value": "Xiomara",
    "synonyms": [
      "Xiomara"
    ]
  },
  {
    "value": "María",
    "synonyms": [
      "María"
    ]
  },
  {
    "value": "Wilken",
    "synonyms": [
      "Wilken"
    ]
  },
  {
    "value": "Yissel",
    "synonyms": [
      "Yissel"
    ]
  }
]